t,rss_mb,proc_cpu_pct,sys_cpu_pct,threads
1791116109.491933,2001.8046875,0.0,17.9,221
1791116109.5939193,3734.8046875,1960.4,21.5,221
1791116109.694633,5039.8046875,1519.4,22.4,221
1791116109.7963874,3909.76171875,835.2,19.2,221
1791116109.8971267,2814.5859375,99.3,14.2,221
1791116109.9977674,2077.77734375,526.5,13.3,221
1791116110.0985053,2505.77734375,1656.9,19.0,221
1791116110.1994276,2916.77734375,1566.3,17.7,221
1791116110.300267,3339.77734375,1575.9,18.3,221
1791116110.4011693,3752.77734375,1566.2,18.0,221
1791116110.5020485,4205.77734375,1566.4,17.9,221
1791116110.6029124,4613.77734375,1645.6,18.7,221
1791116110.7037268,4993.77734375,1527.4,18.1,221
1791116110.8045993,5427.77734375,1556.8,22.5,221
1791116110.9054537,5854.77734375,1616.3,27.8,221
1791116111.0062997,6286.77734375,1566.6,24.9,221
1791116111.107142,6726.77734375,1566.7,28.1,221
1791116111.2079844,7174.77734375,1596.7,17.2,221
1791116111.3088534,7565.77734375,1556.6,17.0,221
1791116111.4096537,7969.77734375,1557.4,16.5,221
1791116111.510508,8426.77734375,1626.2,17.5,221
1791116111.6113238,8841.77734375,1566.9,17.2,221
1791116111.712175,9263.77734375,1537.3,16.5,221
1791116111.812938,9695.77734375,1557.6,17.7,221
1791116111.913778,10105.77734375,1566.9,18.3,221
1791116112.0146165,10511.77734375,1636.3,18.5,221
1791116112.1154823,10912.77734375,1497.1,17.4,221
1791116112.2163112,11336.77734375,1637.0,18.3,221
1791116112.3171191,11757.77734375,1596.6,18.1,221
1791116112.4179351,12170.77734375,1597.0,22.5,221
1791116112.5186868,12592.77734375,1508.6,24.9,221
1791116112.6195104,13009.77734375,1547.2,24.7,221
1791116112.7204156,13374.77734375,1536.9,20.7,221
1791116112.821166,13433.77734375,1319.9,11.2,221
1791116112.9218547,13560.77734375,1837.3,22.2,221
1791116113.0225618,13847.77734375,1549.0,23.3,221
1791116113.1312716,13917.77734375,1425.8,27.4,221
1791116113.231981,14179.77734375,1628.7,25.8,221
1791116113.332712,14289.77734375,1557.8,20.6,221
1791116113.4336119,14659.77734375,1565.8,17.1,221
1791116113.5350168,14702.77734375,1607.7,17.8,221
1791116113.635829,14771.77734375,1160.3,16.7,221
1791116113.7366412,15071.77734375,1746.7,18.4,221
1791116113.8374963,15071.77734375,1564.5,19.9,221
1791116113.9387963,15071.77734375,1580.4,17.1,221
1791116114.0405533,15071.77734375,1610.8,17.6,221
1791116114.1417959,15071.77734375,1590.1,23.3,221
1791116114.2430842,15071.77734375,1570.3,27.6,221
1791116114.3441653,15071.77734375,1573.1,25.8,221
1791116114.4453845,15071.77734375,1571.0,20.8,221
1791116114.5467284,15071.77734375,1597.0,20.7,221
1791116114.647925,15071.77734375,1562.8,17.8,221
1791116114.7493088,15071.77734375,1558.5,18.8,221
1791116114.8507152,15071.77734375,1586.3,20.0,221
1791116114.9518542,15071.77734375,1582.9,17.9,221
1791116115.053238,15071.77734375,1577.7,21.3,221
1791116115.1544678,15071.77734375,1581.6,17.9,221
1791116115.2554965,15071.77734375,1574.2,18.0,221
1791116115.356588,15071.77734375,1551.6,17.8,221
1791116115.4577994,15071.77734375,1621.1,18.3,221
1791116115.558894,15071.77734375,1569.5,21.5,221
1791116115.6605983,15071.77734375,1596.2,21.5,221
1791116115.7616692,15071.77734375,1552.7,25.6,221
1791116115.8630238,15071.77734375,1558.9,24.8,221
1791116115.9642038,15071.77734375,1591.8,20.6,221
1791116116.0712264,15071.77734375,1475.5,15.5,221
1791116116.1722286,15071.77734375,1636.0,16.5,221
1791116116.2729752,15071.77734375,1538.5,22.6,221
1791116116.3737168,15071.77734375,1548.7,22.1,221
1791116116.497136,15071.77734375,1288.0,22.8,221
1791116116.5980222,15071.77734375,1585.7,16.7,221
1791116116.6991184,15071.77734375,1552.3,16.9,221
1791116116.8001778,15446.77734375,1752.5,19.2,221
1791116116.9009936,15519.77734375,1617.2,17.7,221
1791116117.0016966,15629.77734375,1519.3,17.2,221
1791116117.1024177,15796.77734375,1618.7,17.2,221
1791116117.2308416,16061.77734375,1276.6,15.1,221
1791116117.3316333,16222.77734375,1557.7,22.1,221
1791116117.4324293,16324.77734375,1617.1,25.1,221
1791116117.5332437,16540.77734375,1607.1,25.4,221
1791116117.6339908,16686.77734375,1598.0,21.3,221
1791116117.734767,16850.77734375,1607.2,18.5,221
1791116117.8355875,17007.77734375,1557.2,18.9,221
1791116117.9363909,17177.77734375,1597.7,17.4,221
1791116118.0371463,17340.77734375,1567.9,16.4,221
1791116118.1379266,17520.77734375,1547.6,16.2,221
1791116118.2387424,17730.77734375,1517.9,16.2,221
1791116118.3395276,17973.77734375,1498.1,15.9,221
1791116118.440335,18236.77734375,1538.1,17.0,221
1791116118.6014636,17439.95703125,1041.8,12.3,221
1791116118.702345,16366.015625,99.3,4.9,221
1791116118.8029997,15280.9921875,99.3,4.9,221
1791116118.9036648,15077.30859375,1748.1,25.4,221
1791116119.0044477,15080.30859375,1527.8,24.9,221
1791116119.1052272,15085.30859375,1587.6,24.4,221
1791116119.2059965,15093.30859375,1518.5,16.7,221
1791116119.3067226,15097.30859375,1578.6,17.8,221
1791116119.407463,15100.30859375,1538.9,21.9,221
1791116119.5308764,15105.30859375,1271.7,22.6,221
1791116119.6316626,15114.953125,1566.9,25.3,221
1791116119.7327018,15114.953125,1583.9,19.2,221
1791116119.833797,15114.953125,1533.1,16.8,221
1791116119.9347706,15114.953125,1555.6,17.1,221
1791116120.0357065,15114.953125,1594.5,17.5,221
1791116120.1367898,15114.953125,1553.0,16.3,221
1791116120.2379243,15114.953125,1582.2,16.6,221
1791116120.3388555,15114.953125,1564.7,16.6,221
1791116120.4398572,15114.953125,1585.6,16.8,221
1791116120.5407481,15114.953125,1575.4,24.2,221
1791116120.6417713,15114.953125,1554.1,24.7,221
1791116120.7427921,15114.953125,1563.7,23.0,221
1791116120.8439584,15114.953125,1571.9,16.8,221
1791116120.944917,15114.953125,1565.0,16.9,221
1791116121.0459847,15123.953125,1504.4,15.7,221
1791116121.146785,15114.953125,1626.0,18.0,221
1791116121.2479095,15114.953125,1572.8,16.8,221
1791116121.3489282,15114.953125,1553.7,17.1,221
1791116121.450064,15114.953125,1593.0,17.3,221
1791116121.5510426,15114.953125,1593.7,17.3,221
1791116121.6520798,15114.953125,1544.0,17.4,221
1791116121.753177,15114.953125,1561.1,17.1,221
1791116121.8544867,15114.953125,1590.9,17.5,221
1791116121.9556224,15114.953125,1571.4,20.3,221
1791116122.0567708,15114.953125,1542.5,26.3,221
1791116122.1578562,15114.953125,1553.4,25.1,221
1791116122.2588754,15114.953125,1583.9,20.9,221
1791116122.3599336,15114.953125,1563.2,17.1,221
1791116122.4611,15114.953125,1562.0,17.3,221
1791116122.5621862,15114.953125,1582.8,23.8,221
1791116122.6632257,15114.953125,1563.9,25.2,221
1791116122.764372,15114.953125,1532.5,23.0,221
1791116122.8653936,15114.953125,1593.4,20.4,221
1791116122.966514,15114.953125,1562.0,18.8,221
1791116123.0676675,15114.953125,1592.6,20.6,221
1791116123.1686256,15114.953125,1544.7,18.4,221
1791116123.2697132,15114.953125,959.5,15.8,221
1791116123.370803,15114.953125,2165.6,22.5,221
1791116123.4719303,15114.953125,1592.7,20.7,221
1791116123.5729032,15114.953125,1555.1,22.7,221
1791116123.6739774,15114.953125,1582.9,26.0,221
1791116123.7749865,15114.953125,1554.7,27.4,221
1791116123.8757558,15114.953125,1538.5,21.5,221
1791116123.9765172,15147.953125,1071.8,15.0,221
1791116124.0772877,15114.953125,2033.4,24.8,221
1791116124.196411,15114.953125,1334.6,16.9,221
1791116124.2975652,15114.953125,1601.6,18.9,221
1791116124.3985732,15114.953125,1524.8,18.7,221
1791116124.499723,15114.953125,1571.9,21.0,221
1791116124.6007648,15114.953125,1593.5,19.1,221
1791116124.701734,15114.953125,1534.9,18.9,221
1791116124.8028433,15114.953125,1573.2,20.6,221
1791116124.9036326,15114.953125,1537.7,17.6,221
1791116125.0044534,15114.953125,1527.4,20.6,221
1791116125.105262,15114.953125,1537.8,24.9,221
1791116125.231529,15114.953125,1250.7,25.8,221
1791116125.3325703,15137.953125,1514.9,21.4,221
1791116125.4333704,15114.953125,1626.3,17.7,221
1791116125.5344837,15114.953125,1582.3,19.4,221
1791116125.6356778,15114.953125,1531.8,24.3,221
1791116125.7367077,15114.953125,1603.8,25.0,221
1791116125.8378098,15114.953125,1552.1,23.4,221
1791116125.9389658,15114.953125,1542.3,18.0,221
1791116126.0401702,15114.953125,1541.2,20.5,221
1791116126.141346,15114.953125,1582.6,17.0,221
1791116126.242441,15114.953125,1533.1,16.9,221
1791116126.3434994,15114.953125,1602.7,17.4,221
1791116126.4446335,15114.953125,1582.4,17.1,221
1791116126.5457165,15114.953125,1572.8,17.6,221
1791116126.6467638,15114.953125,1534.3,23.3,221
1791116126.7477202,15114.953125,1543.9,25.2,221
1791116126.8489232,15114.953125,1572.0,24.0,221
1791116126.9501112,15114.953125,1550.9,17.7,221
1791116127.051313,15114.953125,1482.9,16.7,221
1791116127.1523826,15114.953125,1672.5,16.8,221
1791116127.2534294,15114.953125,1562.8,16.3,221
1791116127.354584,15114.953125,1571.4,16.2,221
1791116127.455772,15138.953125,1236.5,13.8,221
1791116127.5565681,15114.953125,1863.6,18.5,221
1791116127.657762,15114.953125,1592.4,16.7,221
1791116127.758787,15114.953125,1553.5,16.5,221
1791116127.859914,15114.953125,1581.8,16.4,221
1791116127.961,15114.953125,1552.8,16.0,221
1791116128.0620801,15114.953125,1583.7,23.6,221
1791116128.1631386,15131.953125,1306.9,22.6,221
1791116128.2638836,15114.953125,1785.3,28.6,221
1791116128.3649795,15114.953125,1583.2,17.8,221
1791116128.466048,15114.953125,1563.1,18.0,221
1791116128.567173,15114.953125,1572.1,23.2,221
1791116128.6682763,15114.953125,1523.6,24.0,221
1791116128.7693493,15114.953125,1592.7,24.2,221
1791116128.870383,15114.953125,1463.8,17.4,221
1791116128.9716437,16492.953125,1769.6,18.8,221
1791116129.072403,17833.953125,1548.6,17.2,221
1791116129.2691462,17482.93359375,817.6,11.5,221
1791116129.3700395,16482.32421875,99.3,5.5,221
1791116129.4706526,15444.85546875,99.4,5.3,221
1791116129.5713232,15171.1484375,1608.8,22.2,221
1791116129.6963563,15174.1484375,1223.7,21.4,221
1791116129.797354,15177.1484375,1573.5,22.4,221
1791116129.8983474,15186.1484375,1564.5,17.0,221
1791116129.9992514,15198.1484375,1565.6,16.4,221
1791116130.100319,15208.1484375,1533.1,16.5,221
1791116130.2015188,15217.1484375,1602.5,16.7,221
1791116130.302384,15224.1484375,1555.1,16.3,221
1791116130.4034946,15230.1484375,1602.4,16.7,221
1791116130.5046637,15245.1484375,1601.6,17.0,221
1791116130.6056268,15260.1484375,1514.3,16.8,221
1791116130.7068937,15264.1171875,1413.7,15.9,221
1791116130.8079112,15264.1171875,1622.4,17.7,221
1791116130.9090734,15264.1171875,1522.1,18.3,221
1791116131.0100946,15264.1171875,1563.8,24.7,221
1791116131.1112468,15264.1171875,1602.3,26.9,221
1791116131.2122238,15264.1171875,1564.6,20.7,221
1791116131.3132737,15264.1171875,1543.8,17.3,221
1791116131.4142492,15264.1171875,1564.6,17.3,221
1791116131.5154219,15264.1171875,1571.3,24.5,221
1791116131.6164136,15264.1171875,1574.4,25.8,221
1791116131.7175558,15264.1171875,1552.7,21.3,221
1791116131.8184319,15264.1171875,1467.1,16.0,221
1791116131.9193902,15264.1171875,1574.7,16.7,221
1791116132.0203846,15264.1171875,1565.3,16.1,221
1791116132.1211395,15264.1171875,1547.9,16.5,221
1791116132.2219117,15264.1171875,1587.7,15.5,221
1791116132.3314583,15264.1171875,1451.0,16.7,221
1791116132.4325895,15264.1171875,1552.6,18.9,221
1791116132.5337253,15264.1171875,1601.2,23.7,221
1791116132.6348703,15264.1171875,1543.0,24.6,221
1791116132.7358582,15264.1171875,1554.2,18.1,221
1791116132.8369231,15305.1171875,1326.5,18.8,221
1791116132.9377458,15264.1171875,1775.1,20.0,221
1791116133.0389178,15264.1171875,1550.9,18.0,221
1791116133.1399286,15264.1171875,1574.4,21.4,221
1791116133.2410915,15264.1171875,1582.1,18.7,221
1791116133.3421233,15264.1171875,1543.8,20.9,221
1791116133.4430969,15264.1171875,1605.0,18.4,221
1791116133.544078,15264.1171875,1554.3,18.0,221
1791116133.6452446,15264.1171875,1541.4,21.2,221
1791116133.7464745,15264.1171875,1591.1,18.6,221
1791116133.8476474,15264.1171875,1561.8,26.5,221
1791116133.948792,15296.1171875,1038.4,21.8,221
1791116134.0496254,15264.1171875,1795.0,28.1,221
1791116134.1504462,15264.1171875,1517.8,16.9,221
1791116134.2512257,15264.1171875,1547.9,17.1,221
1791116134.351995,15264.1171875,1548.0,25.3,221
1791116134.4527686,15264.1171875,1567.6,24.0,221
1791116134.597052,15264.1171875,1074.0,20.4,221
1791116134.6981735,15264.1171875,1572.8,19.0,221
1791116134.799256,15264.1171875,1543.1,17.3,221
1791116134.9004264,15264.1171875,1581.5,17.5,221
1791116135.0014646,15264.1171875,1584.0,19.8,221
1791116135.1025112,15264.1171875,1345.7,16.4,221
1791116135.203666,15264.1171875,1729.9,19.5,221
1791116135.3047376,15264.1171875,1583.2,22.3,221
1791116135.405689,15264.1171875,1575.4,26.7,221
1791116135.5066519,15264.1171875,1554.4,28.5,221
1791116135.607671,15264.1171875,1544.5,19.0,221
1791116135.708696,15264.1171875,1593.6,18.8,221
1791116135.8096611,15264.1171875,1564.6,20.8,221
1791116135.9107654,15264.1171875,1553.6,18.9,221
1791116136.01187,15264.1171875,1541.9,17.8,221
1791116136.1130135,15264.1171875,1612.3,19.1,221
1791116136.214086,15289.1171875,1138.1,14.8,221
1791116136.314867,15264.1171875,1607.3,18.6,221
1791116136.4156456,15264.1171875,1528.8,17.6,221
1791116136.5163662,15264.1171875,1528.3,18.4,221
1791116136.6171644,15264.1171875,1537.9,20.0,221
1791116136.7314146,15264.1171875,1329.9,24.3,221
1791116136.8324547,15264.1171875,1504.2,23.7,221
1791116136.933491,15264.1171875,1613.7,18.4,221
1791116137.0345483,15264.1171875,1583.1,17.0,221
1791116137.1355057,15264.1171875,1505.3,22.5,221
1791116137.236612,15264.1171875,1601.8,27.5,221
1791116137.3377497,15267.1171875,1444.7,22.6,221
1791116137.438579,15264.1171875,1487.2,16.9,221
1791116137.5395858,15264.1171875,1574.0,17.7,221
1791116137.6407175,15264.1171875,1591.8,17.8,221
1791116137.7418473,15264.1171875,1532.7,18.6,221
1791116137.8429384,15264.1171875,1562.5,23.7,221
1791116137.944134,15264.1171875,1611.8,22.6,221
1791116138.045218,15264.1171875,1523.2,20.9,221
1791116138.1462848,15264.1171875,1582.9,25.1,221
1791116138.2472677,15264.1171875,1485.4,24.4,221
1791116138.3483334,15264.1171875,1573.4,17.9,221
1791116138.4494574,15266.1171875,1464.5,17.4,221
1791116138.5502508,15264.1171875,1487.5,16.4,221
1791116138.6512709,15264.1171875,1593.4,17.6,221
1791116138.752374,15264.1171875,1563.1,16.9,221
1791116138.853319,15264.1171875,1535.0,17.1,221
1791116138.9964495,15264.1171875,1097.7,13.1,221
1791116139.0974247,15264.1171875,1593.0,16.6,221
1791116139.1985586,15264.1171875,1552.2,16.8,221
1791116139.299718,15264.1171875,1572.4,16.3,221
1791116139.4007647,15264.1171875,1563.1,24.1,221
1791116139.5018735,15264.1171875,1544.0,24.2,221
1791116139.6027293,15337.1171875,1348.8,18.7,221
1791116139.70346,15264.1171875,1726.3,17.8,221
1791116139.8044837,15264.1171875,1554.2,15.8,221
1791116139.9313078,15264.1171875,1229.9,25.3,221
1791116140.0324183,15264.1171875,1543.4,25.0,221
1791116140.1334548,15264.1171875,1563.0,18.1,221
1791116140.234553,15264.1171875,1553.1,17.2,221
1791116140.3355477,15264.1171875,1544.3,17.6,221
1791116140.4366605,15264.1171875,1592.7,17.8,221
1791116140.5377839,15264.1171875,1543.0,17.3,221
1791116140.6387594,15264.1171875,1563.7,17.0,221
1791116140.739893,15352.1171875,1137.9,16.0,221
1791116140.8406725,15264.1171875,1874.2,27.7,221
1791116140.9418092,15264.1171875,1552.6,24.9,221
1791116141.0427678,15264.1171875,1555.5,18.2,221
1791116141.1438336,15264.1171875,1572.7,18.5,221
1791116141.2449737,15264.1171875,1532.4,16.1,221
1791116141.3461094,15264.1171875,1592.3,16.9,221
1791116141.4470403,15264.1171875,1575.2,16.3,221
1791116141.5481095,15264.1171875,1543.5,16.7,221
1791116141.649085,15264.1171875,1574.5,16.5,221
1791116141.7502477,15264.1171875,1531.7,19.2,221
1791116141.851369,15298.1171875,1078.8,17.7,221
1791116141.9521363,15264.1171875,1805.7,19.0,221
1791116142.0529277,15264.1171875,1055.4,20.4,221
1791116142.1971622,15264.1171875,1544.6,24.4,221
1791116142.2982109,15264.1171875,1593.5,17.1,221
1791116142.398975,15264.1171875,1577.0,17.8,221
1791116142.500082,15264.1171875,1572.7,23.2,221
1791116142.6011887,15264.1171875,1553.4,24.7,221
1791116142.702152,15264.1171875,1553.4,21.9,221
1791116142.8032856,15264.1171875,1563.7,17.5,221
1791116142.9042537,15264.1171875,1535.0,17.8,221
1791116143.0053856,15264.1171875,1236.3,18.8,221
1791116143.1063733,15264.1171875,1852.0,20.4,221
1791116143.2074409,15264.1171875,1552.7,20.9,221
1791116143.3085938,15264.1171875,1591.5,18.9,221
1791116143.4096253,15264.1171875,1564.6,27.1,221
1791116143.510544,15264.1171875,1525.1,25.2,221
1791116143.6117027,15264.1171875,1611.5,19.9,221
1791116143.7128446,15264.1171875,1561.9,20.2,221
1791116143.8139818,15264.1171875,1572.4,17.3,221
1791116143.9151492,15264.1171875,1551.7,18.9,221
1791116144.0163014,15264.1171875,1570.7,17.6,221
1791116144.1176126,15308.1171875,959.2,12.4,221
1791116144.218353,15264.1171875,1548.0,17.3,221
1791116144.33089,15264.1171875,1412.3,16.1,221
1791116144.4319148,15264.1171875,1544.7,20.1,221
1791116144.5327563,15264.1171875,1565.6,22.0,221
1791116144.6338825,15264.1171875,1583.5,28.9,221
1791116144.7348702,15264.1171875,1543.8,26.7,221
1791116144.8359714,15264.1171875,1542.9,19.3,221
1791116144.9371464,15264.1171875,1542.2,18.0,221
1791116145.0382204,15264.1171875,1573.5,25.8,221
1791116145.1392443,15264.1171875,1564.6,28.1,221
1791116145.240145,15264.1171875,1485.8,22.6,221
