pair,pid,embeds.cosine,embeds.inf_a,embeds.inf_b,embeds.max_abs,embeds.mean_abs,embeds.mean_rel_elementwise_sym,embeds.median_abs,embeds.n,embeds.nan_a,embeds.nan_b,embeds.norm_ratio,embeds.rel_l2,embeds.rmse,embeds.shape,embeds.sign_agreement,prenorm.bf16_exact_match,prenorm.cosine,prenorm.inf_a,prenorm.inf_b,prenorm.max_abs,prenorm.mean_abs,prenorm.mean_rel_elementwise_sym,prenorm.median_abs,prenorm.n,prenorm.nan_a,prenorm.nan_b,prenorm.norm_ratio,prenorm.rel_l2,prenorm.rmse,prenorm.shape,prenorm.sign_agreement,prompt_embeds.bf16_exact_match,prompt_embeds.cosine,prompt_embeds.inf_a,prompt_embeds.inf_b,prompt_embeds.max_abs,prompt_embeds.mean_abs,prompt_embeds.mean_rel_elementwise_sym,prompt_embeds.median_abs,prompt_embeds.n,prompt_embeds.nan_a,prompt_embeds.nan_b,prompt_embeds.norm_ratio,prompt_embeds.per_token_cos,prompt_embeds.rel_l2,prompt_embeds.rmse,prompt_embeds.shape,prompt_embeds.sign_agreement
O0_vs_O3q,S01,1.0,0,0,0.0,0.0,0.0,0.0,122880,0,0,0.0,0.0,0.0,"[30, 4096]",1.0,0.03041992150247097,0.9974779227586176,0,0,157.3115234375,0.6673182686208747,0.09383255188581832,0.41106948256492615,122880,0,0,0.9872324065510083,0.07171306862430808,1.351747303782401,"[30, 4096]",0.9778564453125,0.0341339111328125,0.9968338081142759,0,0,85.86785888671875,0.5585434445749797,0.0871650564432367,0.36475706100463867,65536,0,0,0.9982563953704596,"{""min"": 0.963293790277183, ""p1"": 0.9683038620590647, ""p5"": 0.9883441491865919, ""p25"": 0.9984117325864461, ""median"": 0.9988519750940742, ""p75"": 0.9991315541532746, ""p95"": 0.9993521898057702, ""p99"": 0.9993846587234864, ""max"": 0.9993927759529154}",0.07952598792151043,0.9907096984603175,"[16, 4096]",0.97967529296875
O0_vs_O3q,S02,1.0000000000000002,0,0,0.0,0.0,0.0,0.0,163840,0,0,0.0,0.0,0.0,"[40, 4096]",1.0,0.03277587890625,0.9977096106075063,0,0,157.3115234375,0.5945360939676902,0.08765897102094858,0.3768186569213867,163840,0,0,0.9884108911930044,0.06827883335389016,1.2007981637323728,"[40, 4096]",0.9798583984375,0.036330003291368484,0.997785470483589,0,0,85.86785888671875,0.48840733897234784,0.08023166105212234,0.33670079708099365,106496,0,0,0.9972193716953863,"{""min"": 0.963293790277183, ""p1"": 0.9716439099136527, ""p5"": 0.9969523357871111, ""p25"": 0.9986174452960526, ""median"": 0.999078822801183, ""p75"": 0.9993162106811376, ""p95"": 0.9993983381687688, ""p99"": 0.999492371886051, ""max"": 0.9995230211863682}",0.06651672992323537,0.8449878767542978,"[26, 4096]",0.9820556640625
O0_vs_O3q,S03,0.9999999999999998,0,0,0.0,0.0,0.0,0.0,147456,0,0,0.0,0.0,0.0,"[36, 4096]",1.0,0.0308091901242733,0.9975571148114158,0,0,157.3115234375,0.621953547522076,0.09137573723177601,0.38746947050094604,147456,0,0,0.9865108051385002,0.07072357207122956,1.2608523401871496,"[36, 4096]",0.9789021809895834,0.03375798836350441,0.9972309584453161,0,0,85.86785888671875,0.5139761256985532,0.08496322213005338,0.3452262878417969,90112,0,0,0.9931157186958574,"{""min"": 0.963293790277183, ""p1"": 0.9703078907718174, ""p5"": 0.9967532415849691, ""p25"": 0.9984768665950139, ""median"": 0.9987106515428836, ""p75"": 0.9989731823436904, ""p95"": 0.999239367951092, ""p99"": 0.9994806175975247, ""max"": 0.9995447278362438}",0.0744805391792507,0.9075045344910111,"[22, 4096]",0.9808904474431818
O0_vs_O3qL,S01,1.0,0,0,0.0,0.0,0.0,0.0,122880,0,0,0.0,0.0,0.0,"[30, 4096]",1.0,0.03168945387005806,0.9980847505171969,0,0,155.28369140625,0.608234621986594,0.08965232949886288,0.3944277763366699,122880,0,0,0.9873676964981679,0.06278284823000778,1.1834181334966063,"[30, 4096]",0.9792887369791666,0.0360107421875,0.9970222796275663,0,0,79.12338256835938,0.5379726425828721,0.08439267910505298,0.34638965129852295,65536,0,0,1.001547279687256,"{""min"": 0.9638721853924851, ""p1"": 0.9688481669046526, ""p5"": 0.9887520929533224, ""p25"": 0.9986099757654774, ""median"": 0.9989053473155446, ""p75"": 0.9992887727772669, ""p95"": 0.9994426790863196, ""p99"": 0.9994587275536775, ""max"": 0.9994627396705169}",0.0772466798755189,0.9623147970455607,"[16, 4096]",0.9804229736328125
O0_vs_O3qL,S02,1.0000000000000002,0,0,0.0,0.0,0.0,0.0,163840,0,0,0.0,0.0,0.0,"[40, 4096]",1.0,0.03404540941119194,0.9982362499555835,0,0,155.28369140625,0.5462271902933026,0.08393450798332694,0.3620424270629883,163840,0,0,0.9889632223559148,0.0600864237201555,1.0567208565858897,"[40, 4096]",0.98101806640625,0.03797325864434242,0.997919304138383,0,0,79.12338256835938,0.469600432056163,0.07761897307877072,0.32081496715545654,106496,0,0,1.0004413773994238,"{""min"": 0.9638721853924851, ""p1"": 0.9721654879127641, ""p5"": 0.9972714853770568, ""p25"": 0.9987010370096991, ""median"": 0.9992130070551039, ""p75"": 0.9994011674531048, ""p95"": 0.9995153696647924, ""p99"": 0.9996083539971631, ""max"": 0.9996390193448603}",0.06452459439237779,0.8196810047182129,"[26, 4096]",0.9826472355769231
O0_vs_O3qL,S03,0.9999999999999998,0,0,0.0,0.0,0.0,0.0,147456,0,0,0.0,0.0,0.0,"[36, 4096]",1.0,0.03120931051671505,0.998144348252158,0,0,155.28369140625,0.5719888104421342,0.08775870549739417,0.3749127984046936,147456,0,0,0.9869385459026052,0.06191469985853435,1.103808700867007,"[36, 4096]",0.9802313910590278,0.03404651954770088,0.9974459147974745,0,0,79.12338256835938,0.4978236726202257,0.08272847175550689,0.33249056339263916,90112,0,0,0.9966782382975822,"{""min"": 0.9638721853924851, ""p1"": 0.9708385595095196, ""p5"": 0.9970954714674524, ""p25"": 0.9985803112801833, ""median"": 0.9989284647819658, ""p75"": 0.9991281807088992, ""p95"": 0.9993477880963963, ""p99"": 0.9995550836528966, ""max"": 0.9996101601378011}",0.07142994036843951,0.8703346605315688,"[22, 4096]",0.9816561612215909
R0_vs_O3q,S01,1.0,0,0,0.0,0.0,0.0,0.0,122880,0,0,0.0,0.0,0.0,"[30, 4096]",1.0,0.02725423127412796,0.9957075969912712,0,0,329.185546875,0.7397540451738072,0.0995848764051464,0.43817710876464844,122880,0,0,0.9623809288978149,0.09837198839141585,1.9021337442299162,"[30, 4096]",0.9751139322916667,0.0299224853515625,0.991514964777824,0,0,220.02767944335938,0.6565489172760408,0.09508360264446407,0.3938438892364502,65536,0,0,0.9963091196647842,"{""min"": 0.8659539816742694, ""p1"": 0.8854161010256818, ""p5"": 0.9632645784313316, ""p25"": 0.9981941678678419, ""median"": 0.9985614239380941, ""p75"": 0.9990026161224864, ""p95"": 0.9992631213168022, ""p99"": 0.9992994413484513, ""max"": 0.9993085213563636}",0.13008096917962295,1.6236749901485068,"[16, 4096]",0.97607421875
R0_vs_O3q,S02,1.0000000000000002,0,0,0.0,0.0,0.0,0.0,163840,0,0,0.0,0.0,0.0,"[40, 4096]",1.0,0.02982177771627903,0.9957085195310523,0,0,284.0276794433594,0.6734888944467456,0.09472022440254838,0.40990376472473145,163840,0,0,0.9723461813936911,0.09544811667353517,1.7063491323781048,"[40, 4096]",0.976690673828125,0.032733622938394547,0.9931371022638756,0,0,284.0276794433594,0.5748103096961691,0.08800854346376925,0.3673996925354004,106496,0,0,0.9929238818135776,"{""min"": 0.8264953220042994, ""p1"": 0.8688839684237127, ""p5"": 0.9963658802106442, ""p25"": 0.9984487466489709, ""median"": 0.9989186603064324, ""p75"": 0.9991884236890294, ""p95"": 0.999341099148791, ""p99"": 0.9994938582235757, ""max"": 0.9995401543940471}",0.11695615233869759,1.4921669269433613,"[26, 4096]",0.9783841646634616
R0_vs_O3q,S03,0.9999999999999998,0,0,0.0,0.0,0.0,0.0,147456,0,0,0.0,0.0,0.0,"[36, 4096]",1.0,0.02851019985973835,0.995435878327317,0,0,284.0276794433594,0.6995315423093618,0.09793093562697308,0.4178580045700073,147456,0,0,0.9704406397101426,0.09865178200241495,1.7878778612043895,"[36, 4096]",0.9762437608506944,0.031116832047700882,0.9913300751833286,0,0,284.0276794433594,0.599483990789436,0.09204212893304989,0.3713347315788269,90112,0,0,0.9921601033389117,"{""min"": 0.8264953220042994, ""p1"": 0.8621017849966066, ""p5"": 0.9961248133439674, ""p25"": 0.9981551155853141, ""median"": 0.9985873865138706, ""p75"": 0.9987879155614181, ""p95"": 0.9991393194288938, ""p99"": 0.9994105118800329, ""max"": 0.9994816629956924}",0.13139775867097195,1.6025516868533756,"[22, 4096]",0.9779607599431818
R0_vs_O3qL,S01,1.0,0,0,0.0,0.0,0.0,0.0,122880,0,0,0.0,0.0,0.0,"[30, 4096]",1.0,0.02998860739171505,0.9961961587425662,0,0,327.15771484375,0.6922442753101374,0.09606587004201346,0.4234499931335449,122880,0,0,0.9625128132080888,0.09342259401745971,1.806431601718124,"[30, 4096]",0.976513671875,0.033355712890625,0.9916272060001375,0,0,227.82977294921875,0.6377547433710333,0.09284003775145955,0.3801846504211426,65536,0,0,0.9995935845295139,"{""min"": 0.8649684509632457, ""p1"": 0.884637444098041, ""p5"": 0.963313416637222, ""p25"": 0.9982707482905336, ""median"": 0.998643145847103, ""p75"": 0.9991423909220509, ""p95"": 0.9993898530997863, ""p99"": 0.9994070777408665, ""max"": 0.9994113839011365}",0.12937908450454422,1.6149140422551975,"[16, 4096]",0.976898193359375
R0_vs_O3qL,S02,1.0000000000000002,0,0,0.0,0.0,0.0,0.0,163840,0,0,0.0,0.0,0.0,"[40, 4096]",1.0,0.03093872033059597,0.9961632016756224,0,0,291.82977294921875,0.6320919304146628,0.09139358381878018,0.39624524116516113,163840,0,0,0.972889535480444,0.09055682837609944,1.6189063851200567,"[40, 4096]",0.977978515625,0.034038837999105453,0.9932426795017886,0,0,291.82977294921875,0.5568770336105724,0.08556165384532981,0.35297083854675293,106496,0,0,0.9961320088332517,"{""min"": 0.8248044453427034, ""p1"": 0.8677001684910153, ""p5"": 0.996686336066787, ""p25"": 0.9984623251153826, ""median"": 0.9990543209264313, ""p75"": 0.9992757872058189, ""p95"": 0.9994400061372395, ""p99"": 0.9995964831575623, ""max"": 0.999645897579602}",0.11609189394653219,1.4811404203138703,"[26, 4096]",0.9792198768028846
R0_vs_O3qL,S03,0.9999999999999998,0,0,0.0,0.0,0.0,0.0,147456,0,0,0.0,0.0,0.0,"[36, 4096]",1.0,0.0298936627805233,0.995924578656382,0,0,291.82977294921875,0.6569840910962436,0.09482459608754265,0.40599918365478516,147456,0,0,0.970861412618646,0.09360767019824473,1.6964628290471915,"[36, 4096]",0.97735595703125,0.03289240226149559,0.9914450360818257,0,0,291.82977294921875,0.5839342243978701,0.09011568665358646,0.358339786529541,90112,0,0,0.995719194942895,"{""min"": 0.8248044453427034, ""p1"": 0.8608368527872853, ""p5"": 0.9964489345300699, ""p25"": 0.9982263969483529, ""median"": 0.9987520376806422, ""p75"": 0.9989498433456919, ""p95"": 0.9992354335282755, ""p99"": 0.9994731883408945, ""max"": 0.9995359294514434}",0.13059482709003534,1.592758982834125,"[22, 4096]",0.9784268465909091
O3r_vs_O3q,S01,0.9995564935487856,0,0,0.0027260184288024902,0.00043349634256628633,0.07782505958689766,0.00023120641708374023,122880,0,0,0.9993252882605586,0.02978035695457867,0.0006714865796497209,"[30, 4096]",0.9733235677083333,0.41747233271598816,0.9999930744321287,0,0,10.373046875,0.03261266227794598,0.008229297890739585,0.02081894874572754,122880,0,0,0.9998832008563883,0.0037233264673585415,0.06929445033404817,"[30, 4096]",0.998876953125,0.4334564208984375,0.9999830605636063,0,0,10.373046875,0.03154945897244943,0.00790582730955872,0.019059300422668457,65536,0,0,1.0006324897531953,"{""min"": 0.9997757959948761, ""p1"": 0.9998077428291071, ""p5"": 0.9999355301660311, ""p25"": 0.9999942984182204, ""median"": 0.999996399127467, ""p75"": 0.9999981142265251, ""p95"": 0.9999987315228596, ""p99"": 0.9999987687477131, ""max"": 0.9999987780539265}",0.005856649563998619,0.07278704383937502,"[16, 4096]",0.99896240234375
O3r_vs_O3q,S02,0.9996112117869448,0,0,0.0027260184288024902,0.00040406098837593164,0.06929981495233661,0.0002225935459136963,163840,0,0,0.9994077229726392,0.027883089454614308,0.000638689313862477,"[40, 4096]",0.977001953125,0.43867796659469604,0.9999934012406299,0,0,10.373046875,0.030100164626674086,0.007663595318847442,0.01871490478515625,163840,0,0,0.999991886830858,0.0036328332596081456,0.06314957526429463,"[40, 4096]",0.998956298828125,0.45993277430534363,0.9999881877870648,0,0,10.373046875,0.028093002318760576,0.007159927422486528,0.016835689544677734,106496,0,0,1.000642708895455,"{""min"": 0.9997757959948761, ""p1"": 0.9998268027438494, ""p5"": 0.9999817836041518, ""p25"": 0.9999952893663885, ""median"": 0.9999976388864997, ""p75"": 0.9999983323177468, ""p95"": 0.9999989821485542, ""p99"": 0.9999991893477682, ""max"": 0.9999992555665138}",0.004904353598960125,0.06208876674181214,"[26, 4096]",0.9990516075721154
O3r_vs_O3q,S03,0.9996455276119074,0,0,0.0027260184288024902,0.0003813737842316793,0.06498062415703065,0.00020823627710342407,147456,0,0,0.9993860718868586,0.026624921460619476,0.0006196357953528094,"[36, 4096]",0.9790920681423612,0.4091322124004364,0.99998968440636,0,0,10.373046875,0.036206031909083926,0.008682123122401575,0.020372390747070312,147456,0,0,0.9997420083228296,0.0045488926465795405,0.0800238854275883,"[36, 4096]",0.9987589518229166,0.4154496490955353,0.9999734200604182,0,0,10.373046875,0.03771948290671968,0.008735033301691307,0.018840312957763672,90112,0,0,0.9999699549371113,"{""min"": 0.9997757959948761, ""p1"": 0.9997982307717856, ""p5"": 0.9998879355970676, ""p25"": 0.9999935074543916, ""median"": 0.999996923718382, ""p75"": 0.9999974474052558, ""p95"": 0.9999981960383046, ""p99"": 0.9999982716653004, ""max"": 0.9999982904866004}",0.007291034540991352,0.0882283285784585,"[22, 4096]",0.9987460049715909
