pair,pid,token_index,cosine
O0_vs_O3r,S01,0,0.9658916011089675
O0_vs_O3r,S01,1,0.9966613769893105
O0_vs_O3r,S01,2,0.9987234901254934
O0_vs_O3r,S01,3,0.9993503956597961
O0_vs_O3r,S01,4,0.9993987364810528
O0_vs_O3r,S01,5,0.9990154732899421
O0_vs_O3r,S01,6,0.9992406212118317
O0_vs_O3r,S01,7,0.9991762508674635
O0_vs_O3r,S01,8,0.998972425161975
O0_vs_O3r,S01,9,0.9987747847436084
O0_vs_O3r,S01,10,0.9986267270166491
O0_vs_O3r,S01,11,0.9982023799518622
O0_vs_O3r,S01,12,0.9984005778313092
O0_vs_O3r,S01,13,0.9991066435116498
O0_vs_O3r,S01,14,0.9983785035323164
O0_vs_O3r,S01,15,0.9989711282387034
O0_vs_O3r,S02,0,0.9658916011089675
O0_vs_O3r,S02,1,0.9966613769893105
O0_vs_O3r,S02,2,0.9987234901254934
O0_vs_O3r,S02,3,0.9993503940470819
O0_vs_O3r,S02,4,0.9993723869571733
O0_vs_O3r,S02,5,0.999286055458501
O0_vs_O3r,S02,6,0.9990005054807408
O0_vs_O3r,S02,7,0.9994043951218665
O0_vs_O3r,S02,8,0.9992521150744529
O0_vs_O3r,S02,9,0.9990823581526665
O0_vs_O3r,S02,10,0.9995137946387688
O0_vs_O3r,S02,11,0.9993988810524492
O0_vs_O3r,S02,12,0.9989995747414353
O0_vs_O3r,S02,13,0.9993343926140061
O0_vs_O3r,S02,14,0.9991046332634774
O0_vs_O3r,S02,15,0.9990381397696393
O0_vs_O3r,S02,16,0.9993841373934734
O0_vs_O3r,S02,17,0.9991986345128226
O0_vs_O3r,S02,18,0.9990877691953395
O0_vs_O3r,S02,19,0.9991053640874434
O0_vs_O3r,S02,20,0.9985933185236351
O0_vs_O3r,S02,21,0.9977353934790236
O0_vs_O3r,S02,22,0.998231226763208
O0_vs_O3r,S02,23,0.9982493556925339
O0_vs_O3r,S02,24,0.9984041321568007
O0_vs_O3r,S02,25,0.9990207164273817
O0_vs_O3r,S03,0,0.9658916011089675
O0_vs_O3r,S03,1,0.9966613769893105
O0_vs_O3r,S03,2,0.9987234901254934
O0_vs_O3r,S03,3,0.9995577845213466
O0_vs_O3r,S03,4,0.9992681633690573
O0_vs_O3r,S03,5,0.999255425786767
O0_vs_O3r,S03,6,0.9987466688200736
O0_vs_O3r,S03,7,0.9989635195584551
O0_vs_O3r,S03,8,0.9992528558467282
O0_vs_O3r,S03,9,0.9989910948219436
O0_vs_O3r,S03,10,0.9987966486418186
O0_vs_O3r,S03,11,0.9988849971870054
O0_vs_O3r,S03,12,0.9987402513458595
O0_vs_O3r,S03,13,0.9990224295196143
O0_vs_O3r,S03,14,0.9984283387076038
O0_vs_O3r,S03,15,0.9989894713997818
O0_vs_O3r,S03,16,0.9985191191219284
O0_vs_O3r,S03,17,0.9978433231629733
O0_vs_O3r,S03,18,0.9981678484031333
O0_vs_O3r,S03,19,0.9988831206437015
O0_vs_O3r,S03,20,0.9984719393711341
O0_vs_O3r,S03,21,0.998664163062559
R0_vs_O3r,S01,0,0.8735134511424013
R0_vs_O3r,S01,1,0.9956646639722221
R0_vs_O3r,S01,2,0.9984568362420531
R0_vs_O3r,S01,3,0.9991734883342482
R0_vs_O3r,S01,4,0.9993155279333208
R0_vs_O3r,S01,5,0.9985493701685135
R0_vs_O3r,S01,6,0.9992494570309554
R0_vs_O3r,S01,7,0.9992082126022919
R0_vs_O3r,S01,8,0.9989327708261162
R0_vs_O3r,S01,9,0.9986887478723249
R0_vs_O3r,S01,10,0.9983608244045966
R0_vs_O3r,S01,11,0.9978704137475521
R0_vs_O3r,S01,12,0.9980456695654282
R0_vs_O3r,S01,13,0.9989430816721716
R0_vs_O3r,S01,14,0.9982230211970092
R0_vs_O3r,S01,15,0.998611603687617
R0_vs_O3r,S02,0,0.8350525061167009
R0_vs_O3r,S02,1,0.9959947582357435
R0_vs_O3r,S02,2,0.9985074809535434
R0_vs_O3r,S02,3,0.9991361432253808
R0_vs_O3r,S02,4,0.9993099264364904
R0_vs_O3r,S02,5,0.9992134416197835
R0_vs_O3r,S02,6,0.9989936322191798
R0_vs_O3r,S02,7,0.9992894861781281
R0_vs_O3r,S02,8,0.9990575382366053
R0_vs_O3r,S02,9,0.9989286051124566
R0_vs_O3r,S02,10,0.9995332266825075
R0_vs_O3r,S02,11,0.9993613742078549
R0_vs_O3r,S02,12,0.9987231374695968
R0_vs_O3r,S02,13,0.9992147057834666
R0_vs_O3r,S02,14,0.9989033925667489
R0_vs_O3r,S02,15,0.9987838268193094
R0_vs_O3r,S02,16,0.9992960850873054
R0_vs_O3r,S02,17,0.9990920964511598
R0_vs_O3r,S02,18,0.9989148906175604
R0_vs_O3r,S02,19,0.9989639064314081
R0_vs_O3r,S02,20,0.9984501286643781
R0_vs_O3r,S02,21,0.9973124528344441
R0_vs_O3r,S02,22,0.9978647184239877
R0_vs_O3r,S02,23,0.9975159930975781
R0_vs_O3r,S02,24,0.9979015202290319
R0_vs_O3r,S02,25,0.9985583684240723
R0_vs_O3r,S03,0,0.8350525061167009
R0_vs_O3r,S03,1,0.9959947582357435
R0_vs_O3r,S03,2,0.9985074809535434
R0_vs_O3r,S03,3,0.9994881562257711
R0_vs_O3r,S03,4,0.9991673066009948
R0_vs_O3r,S03,5,0.999048459280779
R0_vs_O3r,S03,6,0.9986026313995805
R0_vs_O3r,S03,7,0.9987192379595251
R0_vs_O3r,S03,8,0.9990897769158612
R0_vs_O3r,S03,9,0.9986849165697895
R0_vs_O3r,S03,10,0.9986324288076931
R0_vs_O3r,S03,11,0.9986347144709016
R0_vs_O3r,S03,12,0.9985742669111639
R0_vs_O3r,S03,13,0.9990203041630301
R0_vs_O3r,S03,14,0.9980248311745895
R0_vs_O3r,S03,15,0.9987145874414335
R0_vs_O3r,S03,16,0.9983626301677738
R0_vs_O3r,S03,17,0.9975278540978869
R0_vs_O3r,S03,18,0.997556882024324
R0_vs_O3r,S03,19,0.9987110293213187
R0_vs_O3r,S03,20,0.9984308907983344
R0_vs_O3r,S03,21,0.9981251635870767
