tag,arm_a,arm_b,psnr,ssim,lpips
alignment_100_A001_s20261001_25s,R0,O3r,46.028520642830614,0.9957608175393496,0.0028736034873872995
alignment_100_A002_s20261001_25s,R0,O3r,33.171513386986284,0.9818797000058938,0.010643601417541504
alignment_100_A003_s20261001_25s,R0,O3r,37.3967609122538,0.9881476176904145,0.006892193108797073
alignment_100_A004_s20261001_25s,R0,O3r,45.53654683469203,0.9947516911837662,0.0015593231655657291
alignment_100_A005_s20261001_25s,R0,O3r,33.280084563088025,0.9802102262241484,0.016772417351603508
alignment_100_A006_s20261001_25s,R0,O3r,40.40966625627433,0.9938621632164883,0.00509721040725708
alignment_100_A007_s20261001_25s,R0,O3r,35.507755729048476,0.9920793721539208,0.0067496211268007755
alignment_100_A008_s20261001_25s,R0,O3r,45.73112435765306,0.9964597097128021,0.0016467650420963764
alignment_100_A009_s20261001_25s,R0,O3r,36.01813552161205,0.986935547248557,0.009717314504086971
alignment_100_A010_s20261001_25s,R0,O3r,30.938180248226715,0.972800781144568,0.0506744384765625
alignment_100_A011_s20261001_25s,R0,O3r,20.791804162324507,0.7485962903460021,0.1960640847682953
alignment_100_A012_s20261001_25s,R0,O3r,22.034773483429486,0.8876484570255272,0.08889621496200562
alignment_100_A013_s20261001_25s,R0,O3r,23.492692032094972,0.8851987326987346,0.12518972158432007
alignment_100_A014_s20261001_25s,R0,O3r,25.554127186912915,0.9404257426512315,0.05252504721283913
alignment_100_A015_s20261001_25s,R0,O3r,33.66866160786191,0.9765110580131675,0.029294371604919434
alignment_100_A016_s20261001_25s,R0,O3r,26.01312543617931,0.9132831484667615,0.0724860429763794
alignment_100_A017_s20261001_25s,R0,O3r,41.145012102951,0.9929517062477204,0.007042262703180313
alignment_100_A018_s20261001_25s,R0,O3r,28.974926145155923,0.9670708397264655,0.04580371454358101
alignment_100_A019_s20261001_25s,R0,O3r,21.17899851774812,0.7295281719664463,0.2615647315979004
alignment_100_A020_s20261001_25s,R0,O3r,32.3532735256978,0.9682743301831294,0.02613663859665394
alignment_100_A021_s20261001_25s,R0,O3r,35.668799127957456,0.9906279167368308,0.006080752704292536
alignment_100_A022_s20261001_25s,R0,O3r,32.96908137207906,0.9800866068032753,0.015262939035892487
alignment_100_A023_s20261001_25s,R0,O3r,27.754502325917972,0.9618470472112058,0.037547849118709564
alignment_100_A024_s20261001_25s,R0,O3r,23.841058409298483,0.9195161155734143,0.09072212874889374
alignment_100_A025_s20261001_25s,R0,O3r,28.473358943684065,0.966525597388339,0.033378612250089645
alignment_100_A026_s20261001_25s,R0,O3r,28.568324932393683,0.9473216877581218,0.045907046645879745
alignment_100_A027_s20261001_25s,R0,O3r,40.314268967526594,0.992597185835371,0.0047216713428497314
alignment_100_A028_s20261001_25s,R0,O3r,31.184559819884036,0.9774546488041723,0.01491464301943779
alignment_100_A029_s20261001_25s,R0,O3r,30.523635861266975,0.9691880450728104,0.0374559722840786
alignment_100_A030_s20261001_25s,R0,O3r,37.139363199346704,0.9930055328346657,0.005942696239799261
alignment_100_A031_s20261001_25s,R0,O3r,27.047449912768688,0.9609789118455754,0.0440601222217083
alignment_100_A032_s20261001_25s,R0,O3r,32.90893599433477,0.9763486485736562,0.01895519718527794
alignment_100_A033_s20261001_25s,R0,O3r,31.614625951864532,0.9698313121952403,0.025695107877254486
alignment_100_A034_s20261001_25s,R0,O3r,18.353983313424635,0.834586213471043,0.2588672339916229
alignment_100_A035_s20261001_25s,R0,O3r,32.71716432048894,0.9809847322285092,0.008832418359816074
alignment_100_A036_s20261001_25s,R0,O3r,36.038332504941884,0.9878830186273576,0.014537162147462368
alignment_100_A037_s20261001_25s,R0,O3r,21.56003258165316,0.8659920903147467,0.16190281510353088
alignment_100_A038_s20261001_25s,R0,O3r,30.995491380858518,0.9888603121166614,0.016443977132439613
alignment_100_A039_s20261001_25s,R0,O3r,32.8650900506493,0.9796042323075612,0.0191752091050148
alignment_100_A040_s20261001_25s,R0,O3r,27.663876173803807,0.9613852756048425,0.030526209622621536
alignment_100_A041_s20261001_25s,R0,O3r,23.19776109006126,0.8431761430404596,0.2116718739271164
alignment_100_A042_s20261001_25s,R0,O3r,32.902226562123026,0.9739592671947568,0.023413799703121185
alignment_100_A043_s20261001_25s,R0,O3r,21.784147771465904,0.9014135042178025,0.12047518789768219
alignment_100_A044_s20261001_25s,R0,O3r,35.3113908324151,0.9895468741485965,0.010713888332247734
alignment_100_A045_s20261001_25s,R0,O3r,31.646223301085953,0.97586967990152,0.03532476723194122
alignment_100_A046_s20261001_25s,R0,O3r,32.548263382146914,0.9747873863865056,0.02577112801373005
alignment_100_A047_s20261001_25s,R0,O3r,20.92094265268822,0.8166497081214974,0.1885329633951187
alignment_100_A048_s20261001_25s,R0,O3r,19.371704080428103,0.8009189414106487,0.1802234947681427
alignment_100_A049_s20261001_25s,R0,O3r,24.97842424048801,0.9011280551238127,0.10347685217857361
alignment_100_A050_s20261001_25s,R0,O3r,24.718274013498448,0.8719745364968085,0.18179629743099213
alignment_100_A051_s20261001_25s,R0,O3r,35.578303522124635,0.9856013994378436,0.015345539897680283
alignment_100_A052_s20261001_25s,R0,O3r,43.62211262371585,0.9942980047366734,0.00447539659217
alignment_100_A053_s20261001_25s,R0,O3r,34.10680542842279,0.9901211696011524,0.00604388490319252
alignment_100_A054_s20261001_25s,R0,O3r,20.908640424422963,0.8228869884709594,0.16565632820129395
alignment_100_A055_s20261001_25s,R0,O3r,33.787114775764294,0.9906294136557703,0.011678771115839481
alignment_100_A056_s20261001_25s,R0,O3r,22.380476968119254,0.887134921201123,0.06833567470312119
alignment_100_A057_s20261001_25s,R0,O3r,15.02677626192714,0.7206184305939702,0.21744520962238312
alignment_100_A058_s20261001_25s,R0,O3r,41.23951775229017,0.9938638532886225,0.003160713706165552
alignment_100_A059_s20261001_25s,R0,O3r,28.271996458389232,0.9774815972822158,0.02268506959080696
alignment_100_A060_s20261001_25s,R0,O3r,24.26812947400048,0.8861533396566234,0.08847251534461975
alignment_100_A061_s20261001_25s,R0,O3r,42.05449013095684,0.9904456783270402,0.010499668307602406
alignment_100_A062_s20261001_25s,R0,O3r,39.13453136740409,0.9907135382581013,0.008637038059532642
alignment_100_A063_s20261001_25s,R0,O3r,43.14830521998643,0.9949334655197722,0.004272845573723316
alignment_100_A064_s20261001_25s,R0,O3r,35.32555185641751,0.9869593816839597,0.018464816734194756
alignment_100_A065_s20261001_25s,R0,O3r,50.125450895013955,0.9967344252915336,0.0011721292976289988
alignment_100_A066_s20261001_25s,R0,O3r,25.16553144337077,0.9768157828374037,0.03710322827100754
alignment_100_A067_s20261001_25s,R0,O3r,28.189223831438795,0.962571772487902,0.03946654498577118
alignment_100_A068_s20261001_25s,R0,O3r,32.64395741621939,0.9672434230670542,0.029221108183264732
alignment_100_A069_s20261001_25s,R0,O3r,24.687628982177543,0.9269466281243804,0.10302837193012238
alignment_100_A070_s20261001_25s,R0,O3r,28.06869542023986,0.9306153236405121,0.06872446835041046
alignment_100_A071_s20261001_25s,R0,O3r,37.40003084191842,0.9875591263512528,0.01090159174054861
alignment_100_A072_s20261001_25s,R0,O3r,16.25624637098205,0.777031282255841,0.1553651988506317
alignment_100_A073_s20261001_25s,R0,O3r,29.9573141588232,0.9512893608295284,0.053917620331048965
alignment_100_A074_s20261001_25s,R0,O3r,25.48780406797839,0.9164407921227422,0.07073338329792023
alignment_100_A075_s20261001_25s,R0,O3r,28.893608138782017,0.9577552968265555,0.030769817531108856
alignment_100_A076_s20261001_25s,R0,O3r,26.82671477661223,0.8951726727569073,0.0830329954624176
alignment_100_A077_s20261001_25s,R0,O3r,28.10591380167744,0.9395195954950594,0.04984511062502861
alignment_100_A078_s20261001_25s,R0,O3r,29.09428832080001,0.9516320778533972,0.05422498658299446
alignment_100_A079_s20261001_25s,R0,O3r,25.907793882168235,0.8866720335239112,0.10441999137401581
alignment_100_A080_s20261001_25s,R0,O3r,21.904708048549622,0.8332005470556524,0.1171591728925705
alignment_100_A081_s20261001_25s,R0,O3r,20.957832009912106,0.9457685279508615,0.04378299415111542
alignment_100_A082_s20261001_25s,R0,O3r,22.66838567512214,0.8973758864295664,0.059638358652591705
alignment_100_A083_s20261001_25s,R0,O3r,28.53916426302005,0.9744163883874869,0.024180931970477104
alignment_100_A084_s20261001_25s,R0,O3r,26.78960272152626,0.916882710605822,0.07187607139348984
alignment_100_A085_s20261001_25s,R0,O3r,22.01400618408777,0.9516057089472504,0.05370865762233734
alignment_100_A086_s20261001_25s,R0,O3r,18.431938791820308,0.8081649418145186,0.13306644558906555
alignment_100_A087_s20261001_25s,R0,O3r,23.71932421763471,0.9271187083362369,0.055682793259620667
alignment_100_A088_s20261001_25s,R0,O3r,33.2141412771834,0.9878795312066778,0.00915555190294981
alignment_100_A089_s20261001_25s,R0,O3r,28.662813205078884,0.9684323944539969,0.015659363940358162
alignment_100_A090_s20261001_25s,R0,O3r,21.56198766708634,0.8965853275377582,0.18529155850410461
alignment_100_A091_s20261001_25s,R0,O3r,30.52141193714337,0.9780450221137885,0.0129332784563303
alignment_100_A092_s20261001_25s,R0,O3r,25.30958551666751,0.9516662060006764,0.03247208148241043
alignment_100_A093_s20261001_25s,R0,O3r,37.50856237790254,0.9937234468832236,0.004198605194687843
alignment_100_A094_s20261001_25s,R0,O3r,29.613146772203113,0.9429963121180874,0.04714154824614525
alignment_100_A095_s20261001_25s,R0,O3r,24.272347921562485,0.9393239553629883,0.050117120146751404
alignment_100_A096_s20261001_25s,R0,O3r,19.916144288121266,0.915932382419984,0.10689554363489151
alignment_100_A097_s20261001_25s,R0,O3r,18.720684306367307,0.8548692860016153,0.11157083511352539
alignment_100_A098_s20261001_25s,R0,O3r,33.63069652956564,0.9902928884027705,0.007182118948549032
alignment_100_A099_s20261001_25s,R0,O3r,18.932963635613127,0.8473153273077286,0.21410083770751953
alignment_100_A100_s20261001_25s,R0,O3r,21.133247867495875,0.8403069104321887,0.2414642572402954
