arm_a,arm_b,cer_a,cer_b,exact_a,exact_b,expected_text,lpips,ocr_a,ocr_b,pid,prompt,psnr,seed,ssim,steps,tag
R0,O3r,29.666666666666668,30.11111111111111,0.0,0.0,PURE GLOW,0.12131720036268234,"PURE GLOW CLNIHOE SLIENT K& _006 SURUATS Orancingl ar eryentent, on froue revidecik calsautine com imurho tipro tue ilrrans a chcingus. YOVATHDLR drabrs tt tearpmdivat asa un moy gaite ccoorr COMEy SINEK Fii ure ladle air me wiche, we kh a le nie ssmrm, are Floa formduirrire.",PURE GLOW CLMHOE aixtublil Poie whité SUPUAET Errancingl ur e sentent ert frode revicbcik rolsdurine com imumc tipto tve tlm_cane chring rstse SUVETNUOR drobrs tt tearpmdivat asa urt mo maile ccoorr TKRES SINITK En ure lade air me wiche we kintai le n1e esmrm are Hlex formnuirdre,P01,"A premium minimalist cosmetics poster with the headline ""PURE GLOW"" in elegant black serif letters on a cream background.",20.941682796623976,20261001,0.9264553625310815,40,production_30_P01_s20261001_40s
R0,O3r,9.775,9.175,0.0,0.0,FLIGHT 88 -- TOKYO -- GATE 12 -- ON TIME,0.018354225903749466,FLIGHT88 TOKYO 0一GATE 12 - ON TIME FLIMF3T 8841 16666666666616666666666616666166 FLIMF3T 8641 FLIMF2T 86411 FLIMF3T 8840 FLIMF3T 86.41 FLIMF3T 88 41 FLIMF3T 36401 FLIMF3T 8641l FLIMF3T 8641 FLIMF3T 8641 FLIMF3T 88 41 FLIMF3T 88 41 08 Ani FLIMF3T FLIHF3T 88 41 FLIMF3T 88 411 88 D FLIMF3T 88 V FLIMF3T 88 41 FLIMF3T 80 FLIMF3T 88 41 FLIMF3T 88 41 FLIMF3T 88 41 FLIMF3T 88 DVE FLIMF3T 3640 FLIMF3T 8840 Rm1 FLIMF3T 3840,FLIGHT 88 TOKYO O- GATE 12 - ON TIME FLINHBT 8841l 166666666666666666666666666 FLIMFBT 8641 FLIMFET 86Afl FLINFET 8641 FLIMFBT 86A1I FLIMFOT 88 FLIMFBT 867 Af FLIMFBT 86/1l FLIMFOT 8641 FLIMFOT 887 FLIMF8T 88 V FLINFBT 88 98 Ani FLIMFBT FLINFBT 88 FLINFBT FLINFBT 88 FLIMFBT 88 VE FLINFBT 88 FLIWHBT 88 VE FLIHFBT 88 FLINFBT 88 FLINHBT 88 UVE FLIHF8T 88 FLIHFBT 36/1l FLIWFBT 86/n Rin1 FLIMFBT 38/11,P02,"A large airport departure board displaying ""FLIGHT 88 -- TOKYO -- GATE 12 -- ON TIME"" in amber monospace letters.",30.097175830651036,20261001,0.9770956115724495,40,production_30_P02_s20261001_40s
R0,O3r,1.0,0.9333333333333333,0.0,0.0,璀璨新生 NEW SEASON,0.05606452748179436,璀 牛 NEWSEASON 京眉 OCTVENA,璀 新 牛 NEW SEASON 京眉 OCTVENN,P03,一张高档商场的中庭广告牌，写着大号汉字“璀璨新生”，下方是英文“NEW SEASON”。,24.44908773366628,20261001,0.9487557226793294,40,production_30_P03_s20261001_40s
R0,O3r,0.75,1.0,0.0,0.0,山高水长,0.01258140616118908,高 水 长,y 高 水 长,P04,一幅中国风水墨海报，竖排书法“山高水长”，右下角有红色印章。,28.417384718686325,20261001,0.9882649376259204,40,production_30_P04_s20261001_40s
R0,O3r,8.090909090909092,7.454545454545454,0.0,0.0,ELEMENT 79 — Au — Gold — 196.97 u,0.09196163713932037,"ELEMENT Au Gold 196.97u Ed afn tlonm decgunide frois. Sor mocb nf't oinf'y tien thle uirlaote lfeg I Sa rt viatave smmar'e. of ut pe rericinnn'e fird th. Ast ien alayt B denc tng the tnot, Joun x mrapndt af jac oe whatea grit ith pertie. aireh of tlur be pruunotld weigie jrhe. Eren oathens.","ELEMENT7 79 Au Gold 196.97 u Ca m Honn demerzie frous. Ser moot att waf n um dor wops ae beg.a ria wnrfcrorions of ut pe rerrirun'o pet the. astan ulart 6lr kn, tlgish rlo'g day pebus deel ant of whates prit dh pardsz orut of Ua ba punmotlct wiGigieeihs. dlen vaittiens.",P05,"A science museum exhibit placard reading ""ELEMENT 79 — Au — Gold — 196.97 u"" next to a gold nugget.",23.54712295776374,20261001,0.9353723768849281,40,production_30_P05_s20261001_40s
R0,O3r,1.1176470588235294,1.8235294117647058,0.0,0.0,换乘指南 人民广场 科技园 博物馆,0.05853448063135147,换乘指南 科技园 人民广场 O 科技馆 博物芽 政 人损 语 薄 筷,换乘指南 科技园 人民广场 博物馆 花人树 人广场 枝增园 啤没倔金 R受压皮 尔田建,P06,一张地铁换乘图海报，标题“换乘指南”，站名包含“人民广场”“科技园”“博物馆”，均用黑体汉字。,22.808880085455293,20261001,0.9504255233820196,40,production_30_P06_s20261001_40s
R0,O3r,0.38461538461538464,0.6923076923076923,0.0,0.0,HOTEL PACIFIC,0.02716631442308426,HOTEL D PACI,EL HOTE D PAC,P07,"A vintage neon hotel sign reading ""HOTEL PACIFIC"" with one flickering letter, photographed at night.",31.615543389031497,20261001,0.9774868397114681,40,production_30_P07_s20261001_40s
R0,O3r,0.03333333333333333,0.1,0.0,0.0,Maple Farm 2 mi Lake View 5 mi,0.040284909307956696,Maple Farm 2mi Lake View 5 mi,Maple Farm 2mi Lake View5mi,P08,"A rural crossroads with two wooden road signs: ""Maple Farm 2 mi"" pointing left and ""Lake View 5 mi"" pointing right.",27.347853989082314,20261001,0.9688756248651473,40,production_30_P08_s20261001_40s
R0,O3r,0.19047619047619047,0.2857142857142857,0.0,0.0,BLUE NIGHTS JAZZ FEST,0.07121057063341141,BLUE NIGHTS JAZZ 7 FEST C,BLUE NIGHTS JAZZ FEST C 51R,P09,"A 1960s-style jazz festival poster: bold typography ""BLUE NIGHTS JAZZ FEST"", saxophone silhouette, limited palette.",20.809126920063406,20261001,0.9375651238601274,40,production_30_P09_s20261001_40s
R0,O3r,0.07142857142857142,0.07142857142857142,0.0,0.0,守护地球 绿色生活 从我做起,0.042369768023490906,守护地球 绿色生活从我做起,守护地球 绿色生活从我做起,P10,一张环保主题海报，中央是地球插画，上方大字“守护地球”，下方小字“绿色生活 从我做起”。,27.363911853399216,20261001,0.9591855358884048,40,production_30_P10_s20261001_40s
R0,O3r,0.1282051282051282,0.15384615384615385,0.0,0.0,OLD MILL BREWING — AMBER ALE — 5.4% ALC,0.00836009718477726,OLDMILL BREWING AMBER ALE 5.4% ALC,OLDMILL BREWING- 一 AMBER ALE- 5.4%ALC,P11,"A craft beer bottle label reading ""OLD MILL BREWING — AMBER ALE — 5.4% ALC"" with vintage wheat illustrations.",32.51536557137327,20261001,0.989395281488083,40,production_30_P11_s20261001_40s
R0,O3r,0.0,0.0,1.0,1.0,EARL GREY BLACK TEA WITH BERGAMOT,0.03390186280012131,EARL GREY BLACK TEA WITH BERGAMOT,EARL GREY BLACK TEA WITH BERGAMOT,P12,"A premium tea tin with a label that says ""EARL GREY"" and below it smaller text ""BLACK TEA WITH BERGAMOT"".",24.59174858765436,20261001,0.954081208116063,40,production_30_P12_s20261001_40s
R0,O3r,,,,,,0.0036030523478984833,,,P13,"A single dew-covered red rose on a dark slate surface, studio macro photography.",44.3808978742786,20261001,0.99577499542412,40,production_30_P13_s20261001_40s
R0,O3r,,,,,,0.030972477048635483,,,P14,A vintage brass compass resting on an old nautical map.,26.17226063263208,20261001,0.9512684571379272,40,production_30_P14_s20261001_40s
R0,O3r,,,,,,0.019162291660904884,,,P15,"A wooden kitchen island with a bowl of lemons, a cutting board with basil, olive oil bottle and linen towels.",33.50654754527294,20261001,0.9854797895779338,40,production_30_P15_s20261001_40s
R0,O3r,,,,,,0.00437001371756196,,,P16,"A lighthouse on a cliff with waves crashing below and seagulls circling above, shot from a passing boat.",40.7703659180098,20261001,0.9958123182445101,40,production_30_P16_s20261001_40s
R0,O3r,,,,,,0.028745025396347046,,,P17,Exactly four hot air balloons of different colors drifting over a patchwork farmland at dawn.,37.771664288868486,20261001,0.9787271743360376,40,production_30_P17_s20261001_40s
R0,O3r,,,,,,0.08240467309951782,,,P18,"A violinist performing alone in a grand empty concert hall, single warm spotlight.",29.99498260092554,20261001,0.9563465184930267,40,production_30_P18_s20261001_40s
R0,O3r,,,,,,0.00822192057967186,,,P19,An impressionist oil painting of a Parisian cafe terrace in the rain.,40.92398189802438,20261001,0.9953792296875811,40,production_30_P19_s20261001_40s
R0,O3r,,,,,,0.1152418702840805,,,P20,A lone cabin window glowing warm in a snowy pine forest under the aurora borealis.,27.79971454826005,20261001,0.9221896689154067,40,production_30_P20_s20261001_40s
R0,O3r,,,,,,0.21971137821674347,,,P21,"A grand library interior with spiral staircases, brass lamps, thousands of leather-bound books, a librarian on a rolling ladder, dust motes in shafts of afternoon light.",20.83071117952666,20261001,0.7526105172854178,40,production_30_P21_s20261001_40s
R0,O3r,,,,,,0.05090092867612839,,,P22,"An elaborate chocolate shop window display: tiered stands of truffles, a flowing chocolate fountain, handwritten price cards, marble counter, warm reflections at dusk.",27.898903238643967,20261001,0.9596294253991436,40,production_30_P22_s20261001_40s
R0,O3r,0.5,0.75,0.0,0.0,Happy 30th Emma!,0.020641185343265533,FHlappy 30 Emnal C,Hlappy,P23,"A birthday cake with white frosting and cursive writing on top that says ""Happy 30th Emma!"".",38.487762593742005,20261001,0.9870870081649937,40,production_30_P23_s20261001_40s
R0,O3r,0.6666666666666666,1.0,0.0,0.0,听雨轩,0.013905654661357403,轩雨疤,軒 雨晒,P24,一块中式园林的石碑，上面刻着绿色汉字“听雨轩”。,32.225505826930174,20261001,0.9884033771603239,40,production_30_P24_s20261001_40s
R0,O3r,13.068965517241379,12.275862068965518,0.0,0.0,Espresso 25 Latte 30 Mocha 35,0.182704359292984,Espresso Latte Mocha Mocha Kaino Lsrwing Erriong 466 266 49.0 1ot 1os Pors 16us 25 30 30 35 35 34 30 Slechs Eritha Swho.s Texizu Tcilzy Tarcnng Ecriag Solls 400 S60 liet 448 Pors lous 31 30 30 75 3Z 30 30 Sakte Matite Terbs Eccinz Miiny Tsuging Eeriurg Soats 2etc 3ous 1tet Pta Pors 16us 30 30 30 35 30 30 30 Latte Latte Scrbe Totiie Kabuc Luwing Trsing 168 200 2067 1tet 1818 lors 1ous 30 37 30 35 30 30 30,Espresso Latte Mocha Mocha Valno Lsrwang Erring 425 266 390 1ss1 1B3 1008 16Do $ 3$ 35 3$ 34 3$ Socle Lithz Ercha Tcrchn Valzo Torcnng Toring 4916 620 366 181 448 1900 16Do 3$ 3$ 25 3Z 30 3$ Soclz Matte Tacha Earahz Vilng Tcrvang Teriing 4688 120 366 192t 18 1908 16D0 3$ 3$ 3$ 30 30 3$ Loclz Latte Borba Eurrhe Nilalc Tarvang Tcsing 4cdo 460 360 18:t 1818 1608 16Do 3$ 3$ 35 30 3$ 3$,P25,"A periodic-table style poster for a coffee shop: cells reading ""Espresso 25"", ""Latte 30"", ""Mocha 35"", prices in dollars.",17.857089144407194,20261001,0.8192092532035069,40,production_30_P25_s20261001_40s
R0,O3r,,,,,,0.015573986805975437,,,P26,"A bright pharmacy cross sign glowing green at a street corner in evening rain, reflections on wet asphalt.",38.332736392195244,20261001,0.9893659747410863,40,production_30_P26_s20261001_40s
R0,O3r,12.625,20.625,0.0,0.0,DEEP SKY,0.02523769438266754,DEEP SKY AOMTEESERER TSS ASDPNT NHOK SOHOAOP NUEAAPS TASP ARAGE SO A 2OUPS'VICACT MIMMN INEIMOMMIAN SOXISIELY,DEEP SKY WAKSNAEAASA WES PHESD HESHE JTHANEUAPIPORS SDRARLCILSBHANV RIEFHANV ARBA SORANTOKIROFIN HIROU NAOPAI AEAINEOBCAEY TRSIRE PHADBX NAOEE QORO MMMI INENOMMIAN EOXISIELY,P27,"A bold movie poster for a space documentary titled ""DEEP SKY"" with a nebula background and small credits text at the bottom.",26.313381542073397,20261001,0.9686906190372101,40,production_30_P27_s20261001_40s
R0,O3r,0.13636363636363635,0.13636363636363635,0.0,0.0,WILDFLOWER HONEY — NET 16 OZ — LOCAL HARVEST,0.012028146535158157,WILDFLOWER HONEY NET16OZ- LOCAL HARVEST,WILDFLOWER HONEY NET16OZ- LOCAL HARVEST,P28,"A jar of honey with a kraft-paper label reading ""WILDFLOWER HONEY — NET 16 OZ — LOCAL HARVEST"".",34.98420753259847,20261001,0.9873727198451446,40,production_30_P28_s20261001_40s
R0,O3r,4.380952380952381,1.8571428571428572,0.0,0.0,五年级三班 课程表 语文 数学 英语 科学,0.1146746352314949,五年级三班 课程表 書 语文 数学 英语 科学 样林 有一能海学 杆鏡 林訊 有一静梦依危学 刊宅 能 上国车 楼杞 矢 》物为华庭学 首 声一需等到依购学 天风章 被素 鱼清警的限分 有 曹 一翁分旁的女分 仿 佛，从菊 捷,五年级三班 课程表 语文 数学 英语 科学 有林 直 有 亳语 林时 打眉 来能 楼接 直把 秦击 有经 莫 物气 熊语,P29,一张课程表贴在教室墙上，标题“五年级三班 课程表”，包含科目“语文 数学 英语 科学”。,22.809385619410577,20261001,0.915298386657233,40,production_30_P29_s20261001_40s
R0,O3r,0.05714285714285714,0.05714285714285714,0.0,0.0,Summit 4.2 km Waterfall 1.1 km Campground 2.7 km Ranger Station 0.5 km,0.1562519669532776,Summit 4.2km Waterfall 1.1km Campground 2.7km Ranger Station 0.5km,Summit 4.2km Waterfall 1.1km Campground 2.7km Ranger Station 0.5km,P30,"A wooden directional signpost at a hiking trailhead with four arrows: ""Summit 4.2 km"", ""Waterfall 1.1 km"", ""Campground 2.7 km"", ""Ranger Station 0.5 km"".",18.987640382055673,20261001,0.8641363603516048,40,production_30_P30_s20261001_40s
