arm_a,arm_b,lpips,psnr,ssim,tag
R0,O3r,0.006607430521398783,41.122740349288264,0.9939298840107381,canary_C01_s20261001_40s
R0,O3r,0.01225363276898861,33.02641588589523,0.9800459384758069,canary_C02_s20261001_40s
R0,O3r,0.004752525594085455,37.688615335826746,0.9937495676831108,canary_C03_s20261001_40s
R0,O3r,0.043514009565114975,25.49469994491782,0.9535381171284895,canary_C04_s20261001_40s
R0,O3r,0.21969228982925415,22.818964735103833,0.8180003700915074,canary_C05_s20261001_40s
R0,O3r,0.017150118947029114,32.919530583356796,0.9820989545376152,canary_C06_s20261001_40s
R0,O3r,0.024683797731995583,38.77351591034473,0.9808022381114953,canary_C07_s20261001_40s
R0,O3r,0.03602045774459839,28.876215268295752,0.9597294662802681,canary_C08_s20261001_40s
R0,O3r,0.15350183844566345,19.857360771211003,0.8068667536445339,canary_C09_s20261001_40s
R0,O3r,0.024574346840381622,29.64619236339152,0.9624618428395898,canary_C10_s20261001_40s
