pid,layer,n,max_abs,mean_abs,median_abs,rmse,rel_l2,norm_ratio,cosine,sign_agreement,mean_rel_elementwise_sym,nan_a,nan_b,inf_a,inf_b
S01,0,122880,0.003021240234375,0.00046938164265763284,0.000244140625,0.0007325989085180075,0.03251261875506364,1.0004572067362736,0.9994718108214943,0.9225179036458333,0.10849527950649215,0,0,0,0
S01,1,122880,0.08346080780029297,0.0016335743931042165,0.0013213790953159332,0.0021467304274620587,0.010679690839350055,1.0009198276190974,0.999943447162075,0.9921630859375,0.04225813404973527,0,0,0,0
S01,2,122880,0.15763092041015625,0.002326498338977482,0.0018118172883987427,0.00322415644443338,0.008681728050473908,0.999548544556107,0.9999623987297396,0.9922688802083334,0.041237804407438704,0,0,0,0
S01,3,122880,0.1396636962890625,0.002945879468028541,0.0023561567068099976,0.003942351691101424,0.008353390653414075,0.998965041553306,0.9999656104099923,0.9923746744791667,0.04201570419668615,0,0,0,0
S01,4,122880,0.16981887817382812,0.0037781590548291886,0.0030481386929750443,0.005004407475695637,0.00951282262987907,0.9990645386364314,0.9999551486901204,0.9919514973958333,0.04259046045841533,0,0,0,0
S01,5,122880,0.19866466522216797,0.004896331853384102,0.003890305757522583,0.006567057835625132,0.010431485914712905,0.9993683979300616,0.9999457572515604,0.9922281901041666,0.04251463068968496,0,0,0,0
S01,6,122880,0.2637825012207031,0.0058659797196355615,0.004559710621833801,0.008015513133949267,0.011712974658980616,0.9997545885857958,0.9999314163945003,0.992529296875,0.04254906048537919,0,0,0,0
S01,7,122880,71.12890625,0.0544461567775149,0.005953170359134674,0.38137187150984075,0.009971631430912236,1.005380594471134,0.9999649472861732,0.9869791666666666,0.0545994790302298,0,0,0,0
S01,8,122880,71.1103515625,0.056105837586627176,0.007444329559803009,0.3812930398960537,0.009968849917376612,1.005379043769353,0.99996496651823,0.9865641276041667,0.055696256643714616,0,0,0,0
S01,9,122880,71.1044921875,0.05788106392667298,0.009043768048286438,0.3812399268675764,0.009966641414688436,1.005377789536656,0.9999649816608632,0.9865152994791667,0.056816225926407414,0,0,0,0
S01,10,122880,71.099609375,0.058599548912854973,0.009701669216156006,0.3810837627000692,0.009961450971331554,1.0053764196039001,0.9999650257275149,0.9860514322916667,0.05914781636836715,0,0,0,0
S01,11,122880,71.1171875,0.05879226675863265,0.009812109172344208,0.38093181444653784,0.009957029091331532,1.0053764342632256,0.999965069609479,0.9856852213541667,0.05985897579651592,0,0,0,0
S01,12,122880,71.123046875,0.059351883111545094,0.010288946330547333,0.38072780880568935,0.009951153247925776,1.0053751724573932,0.9999651209946605,0.9863362630208333,0.05928380730884904,0,0,0,0
S01,13,122880,71.109375,0.06011324867788706,0.010790601372718811,0.38048496796023945,0.009943088943912949,1.0053730364118574,0.9999651892904772,0.9857259114583333,0.059553926449428765,0,0,0,0
S01,14,122880,71.111328125,0.06100408131087912,0.011725366115570068,0.38031110444134514,0.009935207099695696,1.005370612960601,0.9999652541780906,0.9851969401041667,0.060810652388897886,0,0,0,0
S01,15,122880,71.1083984375,0.061933872305337444,0.012389205396175385,0.3800734028787561,0.009926596751135316,1.0053683193937513,0.9999653269012947,0.9855061848958333,0.06083630963070973,0,0,0,0
S01,16,122880,71.087890625,0.06316827848855648,0.013515211641788483,0.37982620335351047,0.009918191192542494,1.0053646199334834,0.9999653899848262,0.9854329427083334,0.062251404460791505,0,0,0,0
S01,17,122880,125.4072265625,0.08752549789315936,0.01512039452791214,0.5455247503275249,0.011576434865535147,0.9994196795214776,0.9999331226535371,0.9836507161458333,0.06760664698625717,0,0,0,0
S01,18,122880,123.5205078125,0.088925022416106,0.016590431332588196,0.5418315515523662,0.01148210182387213,0.9994586283794024,0.9999341915836593,0.9838216145833333,0.06738542178951912,0,0,0,0
S01,19,122880,123.7060546875,0.09036093309838407,0.017960309982299805,0.5420375594755283,0.011486028777914497,0.9994507111482035,0.9999341502600498,0.9826578776041667,0.07064661828136745,0,0,0,0
S01,20,122880,123.73828125,0.09325237868492309,0.020629428327083588,0.542137814755135,0.011487474306150191,0.9994490264438943,0.999934134462793,0.9823649088541667,0.07165903074276733,0,0,0,0
S01,21,122880,123.802734375,0.09528866427753731,0.022625744342803955,0.5421708716133662,0.011489854760258354,0.9994437181646154,0.9999341096899508,0.9830485026041667,0.07176934882102988,0,0,0,0
S01,22,122880,123.783203125,0.09894403784358398,0.026097536087036133,0.5423491813221061,0.01149258146396041,0.9994455979870258,0.9999340774188318,0.9823811848958334,0.0724457195092259,0,0,0,0
S01,23,122880,123.8837890625,0.10354612808746425,0.02986958622932434,0.5433174157226406,0.01151161593339622,0.9994366989460371,0.9999338627481568,0.9832438151041667,0.07084678133263883,0,0,0,0
S01,24,122880,123.90625,0.109832626687709,0.03573793172836304,0.5441467713232616,0.011526036537715069,0.9994361899971247,0.9999336967993174,0.98349609375,0.06889369535020168,0,0,0,0
S01,25,122880,123.7890625,0.11975952276620774,0.04485765099525452,0.5457038371891738,0.011550673981604687,0.9994528701813292,0.9999334042042588,0.9831705729166667,0.06954458312934617,0,0,0,0
S01,26,122880,123.4541015625,0.129107837370384,0.05334848165512085,0.5471707724309662,0.01157159046065882,0.9994723797646617,0.9999331530688679,0.9836832682291666,0.06930602223764276,0,0,0,0
S01,27,122880,123.38671875,0.14071793045041733,0.06396567821502686,0.5498215746535954,0.011615213162417837,0.9994907529712489,0.9999326387743595,0.9830322265625,0.07003805732848559,0,0,0,0
S01,28,122880,123.279296875,0.15426475065775472,0.07602798938751221,0.5534227710535102,0.011674340193819674,0.9995084076979528,0.999931942265357,0.983642578125,0.0693525247494843,0,0,0,0
S01,29,122880,123.4306640625,0.1693131454696489,0.08886468410491943,0.5587845597733231,0.011759745721869361,0.9995127204670676,0.999930939259064,0.9838785807291667,0.06956845525270888,0,0,0,0
S01,30,122880,123.8369140625,0.19030338686226667,0.10743999481201172,0.5684252376095236,0.011931053247353076,0.999514109271223,0.9999289084863973,0.9826497395833333,0.07198139758917285,0,0,0,0
S01,31,122880,124.279296875,0.21594144648896266,0.13044095039367676,0.5812676442457841,0.012147025092373687,0.9995250466734965,0.9999263026782456,0.9827880859375,0.07296732758908103,0,0,0,0
S01,32,122880,124.0244140625,0.24638003353192442,0.15548557043075562,0.5985366648100697,0.012451683131760812,0.9995961095050464,0.9999225280671813,0.9821695963541667,0.07577318585833763,0,0,0,0
S01,33,122880,123.2763671875,0.2847091180170992,0.18782734870910645,0.6227470836756515,0.012884465984126734,0.9996767908128982,0.9999170206805627,0.9808268229166667,0.07918440503070566,0,0,0,0
S01,34,122880,121.9736328125,0.3407866201879491,0.2313755750656128,0.6675490378609881,0.013710319238811648,0.9998605507996989,0.9999060101894196,0.9792805989583333,0.08467386528512914,0,0,0,0
S01,35,122880,146.6923828125,0.4587319954819274,0.32291650772094727,0.8019611170812144,0.02514178665634077,1.0017997684240971,0.9996861297588037,0.9806477864583333,0.08522842335241937,0,0,0,0
S01,36,122880,153.63671875,0.6633842331119619,0.4093031883239746,1.3353471250851918,0.07084300427346898,0.9872146281326906,0.9975409270778895,0.9778971354166667,0.09335525292841404,0,0,0,0
S02,0,163840,0.003021240234375,0.0004359630665817349,0.00023651123046875,0.0006963997924433984,0.030420557861965927,1.000402944504146,0.9995375623485303,0.930694580078125,0.09762652919609496,0,0,0,0
S02,1,163840,0.08346080780029297,0.001606831316534496,0.001306714490056038,0.0021049839926741113,0.01062843756623108,1.0010048761360903,0.9999440792389133,0.992333984375,0.04053457610665054,0,0,0,0
S02,2,163840,0.15763092041015625,0.0022474046046642828,0.0017727944068610668,0.0030740202305277395,0.008916627054065073,0.999699812129247,0.9999602800139102,0.9927734375,0.03969478013485865,0,0,0,0
S02,3,163840,0.1396636962890625,0.0028427924807928663,0.0022788196802139282,0.0038011180575829987,0.008717399927351958,0.9990201325538979,0.9999624467421447,0.992620849609375,0.04059893314666345,0,0,0,0
S02,4,163840,0.16981887817382812,0.0037395302316829415,0.0029827915132045746,0.004985741377650167,0.010022604462017264,0.9996032931310571,0.9999498324862719,0.99202880859375,0.040928552173873534,0,0,0,0
S02,5,163840,0.19866466522216797,0.004880451264880748,0.0038622915744781494,0.006546856058259852,0.010875459404563673,0.9996184857702815,0.9999409124251735,0.992401123046875,0.04171167844080589,0,0,0,0
S02,6,163840,0.2637825012207031,0.00589120765694986,0.0045988187193870544,0.007993518428669308,0.011852744867942395,0.9998410595689013,0.9999297576862344,0.992218017578125,0.04191527397216026,0,0,0,0
S02,7,163840,71.12890625,0.0427696660484429,0.005999043583869934,0.33031731530048347,0.009972194645754762,1.0053800465879936,0.9999649387487828,0.988714599609375,0.0502389167984564,0,0,0,0
S02,8,163840,71.1103515625,0.044396440760749556,0.007403731346130371,0.33026663022325603,0.00996983751553332,1.0053784560764618,0.9999649535605754,0.988128662109375,0.05185661293843304,0,0,0,0
S02,9,163840,71.1044921875,0.04603161508550002,0.008878573775291443,0.3302351899628056,0.009967972329853025,1.005376983769232,0.9999649641283562,0.987542724609375,0.05358034837853154,0,0,0,0
S02,10,163840,71.099609375,0.04668277758441377,0.009448330849409103,0.3301060868852759,0.009962972881672714,1.0053755995216331,0.9999650062332643,0.987701416015625,0.05479630594284142,0,0,0,0
S02,11,163840,71.1171875,0.046797327458767767,0.009470298886299133,0.3299741958349184,0.009958470502627933,1.0053754882212849,0.9999650502414479,0.987335205078125,0.05565735665879916,0,0,0,0
S02,12,163840,71.123046875,0.047334432616520414,0.0099201500415802,0.3298056153147567,0.009952705783508998,1.0053737145012904,0.9999650977821182,0.9878173828125,0.055093313261336097,0,0,0,0
S02,13,163840,71.109375,0.04806803051909867,0.010452434420585632,0.32960541467711707,0.009944745475316598,1.0053713474663393,0.9999651638227294,0.9873046875,0.055491261794414846,0,0,0,0
S02,14,163840,71.111328125,0.049002707907001765,0.011307045817375183,0.329474427566361,0.009937325337263145,1.00536888301649,0.9999652239435715,0.98690185546875,0.05650804961828332,0,0,0,0
S02,15,163840,71.1083984375,0.049765577062733254,0.011843711137771606,0.32927370984447707,0.00992870449052613,1.0053665045409947,0.9999652963364322,0.987060546875,0.05680050083023062,0,0,0,0
S02,16,163840,71.087890625,0.05098346833996601,0.012958049774169922,0.32908188123715787,0.009920754171763944,1.0053622728845677,0.9999653520950967,0.986346435546875,0.05902880632248281,0,0,0,0
S02,17,163840,125.4072265625,0.06958499005182261,0.014373630285263062,0.47255355383038267,0.011577684154539344,0.9994197740917694,0.9999331081334666,0.98555908203125,0.06280247809407222,0,0,0,0
S02,18,163840,123.5205078125,0.07104117643741574,0.015803635120391846,0.46938001267563745,0.011483827395604902,0.9994587895108307,0.9999341716815948,0.98565673828125,0.06279111242719149,0,0,0,0
S02,19,163840,123.7060546875,0.072538521601723,0.01718580722808838,0.4695869092278981,0.011488148418240805,0.9994509938155551,0.999934125761491,0.984814453125,0.0654910967909165,0,0,0,0
S02,20,163840,123.73828125,0.07547010419505824,0.01974787563085556,0.4697354953062577,0.011490115930329831,0.9994496381617078,0.9999341038002764,0.984393310546875,0.06593217259168857,0,0,0,0
S02,21,163840,123.802734375,0.07753690403349651,0.02164214849472046,0.46981096240817727,0.011493191887108784,0.9994443110301046,0.9999340710292368,0.9844482421875,0.06639697391825987,0,0,0,0
S02,22,163840,123.783203125,0.08087509318882553,0.024750664830207825,0.4700211551716551,0.011496796837826164,0.9994463030835358,0.9999340285932083,0.984100341796875,0.06674615692302088,0,0,0,0
S02,23,163840,123.8837890625,0.08504554308891557,0.027832210063934326,0.470950433579088,0.011516583667445006,0.999436520111226,0.9999338056058977,0.984375,0.06581650639546766,0,0,0,0
S02,24,163840,123.90625,0.09083973320907716,0.03299328684806824,0.47179425449885387,0.011531995234172553,0.9994365680690462,0.9999336278745551,0.985614013671875,0.06333121303354015,0,0,0,0
S02,25,163840,123.7890625,0.10017764807506069,0.04118514060974121,0.4734130404698707,0.011559363604707463,0.9994549589404916,0.9999333027386588,0.985162353515625,0.06363461342672919,0,0,0,0
S02,26,163840,123.4541015625,0.1088648896609186,0.0485231876373291,0.47495300181806654,0.011583218053904144,0.9994742538238687,0.9999330175184953,0.985540771484375,0.06358139600875079,0,0,0,0
S02,27,163840,123.38671875,0.11973492602015198,0.058176517486572266,0.47766343108291204,0.011632096059027847,0.9994934620101171,0.9999324412399258,0.984979248046875,0.06413418712844235,0,0,0,0
S02,28,163840,123.279296875,0.1326516405256825,0.06931042671203613,0.4813994616435993,0.011700652327857863,0.999511788796371,0.9999316331651864,0.985260009765625,0.06386015909355185,0,0,0,0
S02,29,163840,123.4306640625,0.14657453541025803,0.08057355880737305,0.4867282373979792,0.011793122166788577,0.9995116172299191,0.9999305464737392,0.985577392578125,0.06395571021641785,0,0,0,0
S02,30,163840,123.8369140625,0.16648459539541136,0.0975363701581955,0.49628512941995545,0.011981405474854247,0.9995168742667259,0.9999283050289759,0.9849853515625,0.06617238623260906,0,0,0,0
S02,31,163840,124.279296875,0.19077962678167068,0.11842799186706543,0.5091242950457736,0.012215191595607449,0.9995346860415527,0.9999254681249595,0.98450927734375,0.0678085807327045,0,0,0,0
S02,32,163840,124.0244140625,0.2187439175129441,0.14040333032608032,0.5260986233086729,0.01254299790893218,0.9996242230722948,0.9999213776614176,0.983917236328125,0.07049768096438766,0,0,0,0
S02,33,163840,123.2763671875,0.2545848772212821,0.1706409454345703,0.5501170269616814,0.013013177359034137,0.9997025965397414,0.9999153476560202,0.983087158203125,0.07331118084599471,0,0,0,0
S02,34,163840,121.9736328125,0.30601480117791197,0.20902401208877563,0.5932993394023197,0.013885850169084644,0.9999153140611775,0.9999035870035697,0.98173828125,0.07823650476424907,0,0,0,0
S02,35,163840,146.6923828125,0.419607614717097,0.2996196746826172,0.722878938318736,0.024634277188894348,1.001892593013784,0.9996989369376964,0.982403564453125,0.07985950405294019,0,0,0,0
S02,36,163840,153.63671875,0.590525138607427,0.3739316463470459,1.1875196778375217,0.06752380261434562,0.9882688379349313,0.9977628335598719,0.97991943359375,0.08708791309916755,0,0,0,0
S03,0,147456,0.0032958984375,0.0004162831524657425,0.000217437744140625,0.0006975804797306272,0.029992513556800323,1.0003853129624722,0.9995504720072749,0.9342108832465278,0.09238217478472795,0,0,0,0
S03,1,147456,0.08346080780029297,0.0018009912316724946,0.0014534033834934235,0.0023552677129418547,0.010656798310417093,1.001021479062905,0.9999437954463982,0.9924384223090278,0.03889676239839551,0,0,0,0
S03,2,147456,0.15763092041015625,0.0024589693447746677,0.0019534435123205185,0.0033330658891267363,0.009083729800842157,0.9998218876285585,0.9999587514415832,0.9930555555555556,0.03776772781022168,0,0,0,0
S03,3,147456,0.1396636962890625,0.003040246210283549,0.0024407804012298584,0.004038475092348034,0.008849528133936092,0.9991997138170106,0.9999611320494071,0.99267578125,0.0394776461706651,0,0,0,0
S03,4,147456,0.16981887817382812,0.003906339896718415,0.0031781233847141266,0.005121732544717492,0.010052306530450538,0.9994647893385233,0.9999495918129353,0.9921739366319444,0.041010936307509085,0,0,0,0
S03,5,147456,0.19866466522216797,0.0051528937353400766,0.0041414350271224976,0.006818707524938237,0.011020305302468001,0.9995446613415819,0.9999393524870104,0.9923909505208334,0.04154004510458206,0,0,0,0
S03,6,147456,0.2637825012207031,0.006158211850545412,0.004836171865463257,0.008274643429981859,0.011911001743396609,0.9999499952104159,0.9999290617217199,0.9926486545138888,0.04111589282775331,0,0,0,0
S03,7,147456,71.12890625,0.04697207570041052,0.006245806813240051,0.3481787571688741,0.0099721725939243,1.005380214617685,0.9999649398725551,0.9882134331597222,0.051256737788840295,0,0,0,0
S03,8,147456,71.1103515625,0.048560259921199785,0.007610321044921875,0.3481195753332209,0.009969700960390503,1.0053786303430927,0.9999649558530751,0.9877115885416666,0.0528495631822225,0,0,0,0
S03,9,147456,71.1044921875,0.05026020837784825,0.00919903814792633,0.34808379399111206,0.009967784763362082,1.0053773574141525,0.9999649679994247,0.9874742296006944,0.05433811274061995,0,0,0,0
S03,10,147456,71.099609375,0.050772330159149864,0.009625762701034546,0.347939838124535,0.009962551725166136,1.0053758738775858,0.9999650118832393,0.9871893988715278,0.056031690094174684,0,0,0,0
S03,11,147456,71.1171875,0.05085930710546746,0.009625226259231567,0.3477973015040418,0.009957995094508319,1.0053757440428497,0.9999650563270969,0.9868299696180556,0.056969820609964215,0,0,0,0
S03,12,147456,71.123046875,0.0513720775738054,0.010066300630569458,0.34761549208146403,0.009952216445698726,1.0053743747253436,0.9999651061782266,0.9873996310763888,0.056585289993219906,0,0,0,0
S03,13,147456,71.109375,0.05205512226722123,0.010538190603256226,0.34739375926359223,0.009944018609771165,1.0053723183211447,0.9999651762333758,0.9871080186631944,0.05667226216095013,0,0,0,0
S03,14,147456,71.111328125,0.0529416218331341,0.011342838406562805,0.3472470950400884,0.009936416819949011,1.0053697311259915,0.9999652374819472,0.9865858289930556,0.05777014066840423,0,0,0,0
S03,15,147456,71.1083984375,0.05373140539147572,0.011893413960933685,0.34703172665719106,0.009927773537732722,1.0053673104557108,0.9999653098598086,0.9864501953125,0.05809327983388016,0,0,0,0
S03,16,147456,71.087890625,0.05491248099844862,0.012959107756614685,0.3468170997695224,0.009919568556468425,1.0053633851511525,0.999965369765254,0.9860161675347222,0.059770984465136595,0,0,0,0
S03,17,147456,125.4072265625,0.07532158766854498,0.014299474656581879,0.4980575496939443,0.0115769878890736,0.999419915332189,0.9999331161265104,0.9848700629340278,0.0639475160070751,0,0,0,0
S03,18,147456,123.5205078125,0.07675273771365217,0.01577051728963852,0.4947002752284679,0.011482871447959979,0.9994587699255468,0.9999341826743361,0.9850870768229166,0.06403939776372643,0,0,0,0
S03,19,147456,123.7060546875,0.0782883704732866,0.01722809672355652,0.4949073612376749,0.01148702773105698,0.9994507943699913,0.9999341387389895,0.98406982421875,0.06671391499186809,0,0,0,0
S03,20,147456,123.73828125,0.08130297711699559,0.019882500171661377,0.4950436097305012,0.011488920189423798,0.9994496411936427,0.9999341175448594,0.9834933810763888,0.06791449868471389,0,0,0,0
S03,21,147456,123.802734375,0.08333568967864835,0.02185484766960144,0.49510355107756876,0.011491684216276008,0.9994442612301447,0.9999340883900907,0.9839274088541666,0.06787662700702399,0,0,0,0
S03,22,147456,123.783203125,0.0868327997814049,0.02503305673599243,0.4953073101127527,0.011495145027540767,0.999446385711312,0.9999340475525709,0.9835408528645834,0.06879188022180344,0,0,0,0
S03,23,147456,123.8837890625,0.09124251196991257,0.02843138575553894,0.4962618101950378,0.011514637380876607,0.9994375302983587,0.9999338275290657,0.9845106336805556,0.0665687381746222,0,0,0,0
S03,24,147456,123.90625,0.09720812094126233,0.03376379609107971,0.497105977086106,0.011529845577428588,0.999437623246574,0.9999336521517995,0.9849039713541666,0.06525529684646593,0,0,0,0
S03,25,147456,123.7890625,0.10651092531955758,0.04202854633331299,0.4986674243202313,0.011554725985539659,0.9994552730433032,0.999933356214762,0.98455810546875,0.06508487880940506,0,0,0,0
S03,26,147456,123.4541015625,0.11543938347705938,0.04976062476634979,0.5001786007265031,0.011577003454762027,0.9994737113612152,0.9999330897712766,0.9847140842013888,0.06544942343958121,0,0,0,0
S03,27,147456,123.38671875,0.12645029953390324,0.05966329574584961,0.5028214488703957,0.011622270497313738,0.9994913996961562,0.9999325564495688,0.9843343098958334,0.06635185219236363,0,0,0,0
S03,28,147456,123.279296875,0.1391910208552013,0.0707094669342041,0.5063857805384051,0.011683114043105966,0.9995099530906238,0.9999318390940741,0.9847819010416666,0.06571373343079158,0,0,0,0
S03,29,147456,123.4306640625,0.15323347129815248,0.08208787441253662,0.5116366144534494,0.011770238625516783,0.9995128517895262,0.9999308156950284,0.9846530490451388,0.06571275390350804,0,0,0,0
S03,30,147456,123.8369140625,0.17309151249561536,0.09911894798278809,0.5210475681536978,0.011945920447348487,0.9995180350351964,0.9999287292874597,0.9840155707465278,0.06809236324361391,0,0,0,0
S03,31,147456,124.279296875,0.19725656812005987,0.11959004402160645,0.5335910389552283,0.012165680712683988,0.9995343099057984,0.9999260721125465,0.9840223524305556,0.06965521903821822,0,0,0,0
S03,32,147456,124.0244140625,0.22620971609416074,0.1422731876373291,0.5507576215223139,0.012485556907657201,0.9996120448452293,0.9999221004674285,0.9826795789930556,0.073082831735169,0,0,0,0
S03,33,147456,123.2763671875,0.26137726021806884,0.17142701148986816,0.5739963099237907,0.012930412721033775,0.9996850219878678,0.999916425494874,0.9822523328993056,0.0760743839314918,0,0,0,0
S03,34,147456,121.9736328125,0.3121201245026113,0.20884132385253906,0.6163951894650604,0.013770540507663765,0.9998658330995219,0.9999051823860559,0.9808213975694444,0.0811716098644308,0,0,0,0
S03,35,147456,146.6923828125,0.4292880773271766,0.30280160903930664,0.7477907941693642,0.024929263171946377,1.0016325253997362,0.9996911027710145,0.9812486436631944,0.08337475902434127,0,0,0,0
S03,36,147456,153.63671875,0.6162432279877268,0.38484787940979004,1.2443844788711245,0.06979985885000488,0.9866008504184504,0.9976218938570847,0.9789632161458334,0.09076776963912073,0,0,0,0
