pid,field,rel_l2,max_abs,cosine,mean_abs,rmse,norm_ratio,nan,inf,error
S01,embedding,0.0,0.0,0.9999999403953552,0.0,0.0,0.0,0,0,
S01,prenorm,0.053259863740020744,184.44699096679688,0.9988694787025452,0.3126332638103728,1.0298397510263309,0.9748303481721095,0,0,
S01,postnorm,0.03233953305040783,9.794696807861328,0.9994797110557556,0.04511319378417748,0.09964581011118277,0.9971064906175383,0,0,
S01,conditioning,0.08114631000227962,184.44699096679688,0.9967042207717896,0.2798285919912473,1.0128709443393227,0.9980491881679476,0,0,
S01,layer_01,0.0038404771401261296,0.03081989288330078,0.9999932050704956,0.0004799881066524847,0.0007712378627690755,1.000957611133091,0,0,
S01,layer_02,0.003697954190456508,0.10532379150390625,0.999992847442627,0.000792926973901468,0.0013725029948064096,1.0005947488430613,0,0,
S01,layer_03,0.004329037853244288,0.3652801513671875,0.9999922513961792,0.0010266024877367385,0.002039410557880839,1.0017959694533134,0,0,
S01,layer_04,0.005633533741429873,0.49578094482421875,0.9999881386756897,0.0013572467381222234,0.0029558739940859745,1.002624339487392,0,0,
S01,layer_05,0.005993977792795907,0.6852264404296875,0.999983549118042,0.0018122217111155691,0.003766801327773536,1.0017678767792157,0,0,
S01,layer_06,0.007935013462813771,0.9747276306152344,0.9999696016311646,0.002328340257237708,0.005422265671828003,1.0014540344833602,0,0,
S01,layer_07,0.02685494831262567,364.3525390625,0.9999995827674866,0.009439186994289155,1.0554168217205486,0.9731592581006707,0,0,
S01,layer_08,0.026807121822189302,363.47265625,0.9999995827674866,0.010695062764618986,1.0535634771501239,0.9732053113705066,0,0,
S01,layer_09,0.026760265274180756,362.484375,0.9999995827674866,0.011814568856359623,1.0517594155156842,0.9732506877432254,0,0,
S01,layer_10,0.026660100449355673,360.81640625,0.9999998211860657,0.01213932724215212,1.0478323890084498,0.9733498692101044,0,0,
S01,layer_11,0.026641747087552282,360.0546875,0.9999996423721313,0.012503254376093764,1.0471393179294028,0.973367570502716,0,0,
S01,layer_12,0.026619411333615964,359.0947265625,0.9999997615814209,0.012933409439072344,1.0462923172140979,0.9733919823449292,0,0,
S01,layer_13,0.026509930383559976,357.2177734375,0.9999995827674866,0.013376108411824105,1.0420485650441345,0.9735045267996915,0,0,
S01,layer_14,0.026191371827492694,352.859375,0.9999996423721313,0.01415692686363883,1.0295342161267682,0.9738245333920402,0,0,
S01,layer_15,0.02603222571830233,350.5419921875,0.999999463558197,0.01463213593486993,1.0233551804878924,0.973987035155794,0,0,
S01,layer_16,0.02587256757627495,347.919921875,0.9999994039535522,0.015278406256457325,1.0171085624677818,0.9741499971607618,0,0,
S01,layer_17,0.024100460673268386,369.7734375,0.9999885559082031,0.019303002913990022,1.1632036686462615,0.9763604621465166,0,0,
S01,layer_18,0.024653316889088107,371.4267578125,0.9999921321868896,0.020449020155906085,1.1924132900236086,0.9756463457314751,0,0,
S01,layer_19,0.024631845171226126,370.5830078125,0.9999923706054688,0.02120073733605731,1.1913942061023406,0.9756676790270241,0,0,
S01,layer_20,0.024716717537109932,371.4228515625,0.999991774559021,0.022570887534685842,1.1956699628257192,0.9755860863683049,0,0,
S01,layer_21,0.024900894044401458,373.0966796875,0.9999922513961792,0.02380948170759704,1.2046442531934713,0.9753910005571067,0,0,
S01,layer_22,0.024933770633192444,372.9736328125,0.9999921321868896,0.025645728841800518,1.2063828076009946,0.9753605669299132,0,0,
S01,layer_23,0.025074962405770534,373.8740234375,0.9999915361404419,0.02775150203388629,1.2135473747966683,0.9752183498410538,0,0,
S01,layer_24,0.02525887151762009,375.6865234375,0.9999914765357971,0.03121074668416289,1.2230044109239984,0.9750411816614588,0,0,
S01,layer_25,0.025253565172077747,375.90234375,0.9999901056289673,0.03538205151476177,1.2236017668716248,0.9750643025244309,0,0,
S01,layer_26,0.025205356898102698,375.6171875,0.9999899864196777,0.03965813448278368,1.2222392585725004,0.9751410286935447,0,0,
S01,layer_27,0.02515645338002783,375.27734375,0.9999884366989136,0.04518496870421416,1.2210735161578077,0.9752212670315261,0,0,
S01,layer_28,0.025041626702722388,374.3330078125,0.999987006187439,0.05144679117349635,1.217062267750239,0.9753834574691786,0,0,
S01,layer_29,0.02476201115253037,372.3984375,0.9999852776527405,0.05897507010918351,1.2058504609623133,0.9757529891416076,0,0,
S01,layer_30,0.02461456331068012,371.8994140625,0.9999821782112122,0.0675829737548232,1.201554311361854,0.9759875011306728,0,0,
S01,layer_31,0.024355052067532863,370.3310546875,0.9999803304672241,0.07844930297023135,1.1936494870645737,0.9763812255075948,0,0,
S01,layer_32,0.02433482513494626,372.859375,0.9999768733978271,0.09135006808045697,1.1978089005747017,0.9765721592357411,0,0,
S01,layer_33,0.0242311255254182,371.93359375,0.9999743103981018,0.10637432248985684,1.1989292944397303,0.9768462916510648,0,0,
S01,layer_34,0.021828582721552758,339.615234375,0.9999672770500183,0.12638028641068408,1.084858116371563,0.9796910172109293,0,0,
S01,layer_35,0.044649015420951156,426.943359375,0.9991553425788879,0.1863456599804522,1.4507855933718279,0.9816726467765057,0,0,
S01,layer_36,0.053259863740020744,184.44699096679688,0.9988694787025452,0.3126332638103728,1.0298397510263309,0.9748303481721095,0,0,
S02,embedding,0.0,0.0,1.0,0.0,0.0,0.0,0,0,
S02,prenorm,0.05291591830508861,248.44851684570312,0.9987108111381531,0.2597452508249944,0.9459907061101195,0.983749910607116,0,0,
S02,postnorm,0.028250540529860608,8.044452667236328,0.9996014833450317,0.0382308974816233,0.0887367893333317,1.000828473093051,0,0,
S02,conditioning,0.07899871241972037,248.44851684570312,0.9968767762184143,0.2359216860127512,1.0078928178352315,0.9956926876652593,0,0,
S02,layer_01,0.003994317295836171,0.04582786560058594,0.9999924898147583,0.0005026342448395393,0.0007905205469328618,1.000711267998009,0,0,
S02,layer_02,0.004005683390563312,0.1053314208984375,0.9999920725822449,0.0008065809950897673,0.0013798019631590186,1.0008432717970344,0,0,
S02,layer_03,0.004619870039527057,0.3653068542480469,0.9999907612800598,0.0010516474799537434,0.0020106930785202416,1.0018631673985654,0,0,
S02,layer_04,0.005710920351817894,0.49581146240234375,0.999986469745636,0.0014114423356645033,0.0028339266726621105,1.0024592220965938,0,0,
S02,layer_05,0.006024280293709733,0.6852569580078125,0.9999827742576599,0.0018854493725248389,0.0036197053258009548,1.0018834635157015,0,0,
S02,layer_06,0.007072532885853019,0.8323860168457031,0.999976396560669,0.002414119901692402,0.004763269915005118,1.0013568423263741,0,0,
S02,layer_07,0.022386342440022418,300.3525390625,0.9999997615814209,0.0070412436156772175,0.7584981494901258,0.9776206800566263,0,0,
S02,layer_08,0.02234195592788646,299.47265625,1.0000001192092896,0.008108674522646275,0.7570211005455434,0.9776670759083763,0,0,
S02,layer_09,0.02230050140955306,298.484375,0.999999463558197,0.009109933680957739,0.7556506784690481,0.9777126776558027,0,0,
S02,layer_10,0.022204933599165783,296.81640625,0.9999996423721313,0.009367132260672761,0.7524190561774587,0.9778121869236418,0,0,
S02,layer_11,0.022194888904399565,296.0546875,0.9999995827674866,0.009585491462358675,0.7521043499385549,0.9778300547783748,0,0,
S02,layer_12,0.022182707017827152,295.0947265625,0.9999991059303284,0.009925701887349803,0.7517238030297542,0.9778546145901584,0,0,
S02,layer_13,0.022079378757106465,293.2177734375,0.9999988675117493,0.0103485940328504,0.7482790670708828,0.9779689968939308,0,0,
S02,layer_14,0.021760124560528678,288.859375,0.9999986886978149,0.011172187029674952,0.7374747083560607,0.9782900084512339,0,0,
S02,layer_15,0.02160429277970632,286.5419921875,0.9999988079071045,0.012100318584670866,0.7322611658650157,0.9784523728911171,0,0,
S02,layer_16,0.02145168807907774,283.919921875,0.9999983310699463,0.01292267197204744,0.7271257409089854,0.9786162079541123,0,0,
S02,layer_17,0.0250066502520447,305.7734375,0.9999910593032837,0.018674215127924398,1.0465135187022097,0.9753065934704166,0,0,
S02,layer_18,0.02588145032020123,307.4267578125,0.9999871253967285,0.019674176966505107,1.0854608183114576,0.9745711237962507,0,0,
S02,layer_19,0.025867863632100935,306.5830078125,0.9999871253967285,0.020271208406252583,1.084934554345451,0.9745948463403311,0,0,
S02,layer_20,0.025957100815656102,307.4228515625,0.9999866485595703,0.021609493145842863,1.088921014532525,0.9745181177956518,0,0,
S02,layer_21,0.026169898740060815,309.0966796875,0.9999861121177673,0.022747230613279257,1.0979473904337806,0.9743256701510222,0,0,
S02,layer_22,0.026215896887425386,308.9736328125,0.9999853372573853,0.024480323670419323,1.1000567502043959,0.9742969053095943,0,0,
S02,layer_23,0.02638525749368494,310.3837890625,0.9999839663505554,0.026103644806223514,1.1076002939935832,0.9741614789383345,0,0,
S02,layer_24,0.026586677675410543,313.083984375,0.999982476234436,0.028929306347153273,1.116751592702885,0.9739952214269567,0,0,
S02,layer_25,0.02657355855820747,313.2099609375,0.9999805092811584,0.0326109915765187,1.11732809458964,0.9740391874676392,0,0,
S02,layer_26,0.02650746187136247,312.30859375,0.9999791979789734,0.03683585765868145,1.1157630028228984,0.974134067786914,0,0,
S02,layer_27,0.02644339733888194,311.70703125,0.999978244304657,0.04170880192328639,1.1145934529416597,0.9742399005175626,0,0,
S02,layer_28,0.02630172180536865,310.3330078125,0.9999765157699585,0.047355869197326685,1.110529734181846,0.9744299982992877,0,0,
S02,layer_29,0.025939344062290048,308.3984375,0.9999753832817078,0.05448713914389884,1.098197898304476,0.9748487792917845,0,0,
S02,layer_30,0.025723193248982694,307.8994140625,0.9999732375144958,0.06226901354925616,1.0926548896449424,0.9751389012871078,0,0,
S02,layer_31,0.025364779368335706,306.3310546875,0.9999720454216003,0.07213894273337473,1.083593465328981,0.975639463787563,0,0,
S02,layer_32,0.02521053685840278,308.859375,0.9999700784683228,0.08326668862077327,1.0834824295393146,0.9759490235031972,0,0,
S02,layer_33,0.02505193269801023,307.93359375,0.9999658465385437,0.0971334814705358,1.0847251678116208,0.9763248419767632,0,0,
S02,layer_34,0.022350648049677697,275.615234375,0.9999656081199646,0.11476978187079964,0.9752447396832268,0.9792170179286576,0,0,
S02,layer_35,0.04984253525537747,554.9443359375,0.9988133311271667,0.16735248211504086,1.4801131543207853,0.9881701304430043,0,0,
S02,layer_36,0.05291591830508861,248.44851684570312,0.9987108111381531,0.2597452508249944,0.9459907061101195,0.983749910607116,0,0,
S03,embedding,0.0,0.0,1.0000001192092896,0.0,0.0,0.0,0,0,
S03,prenorm,0.05497895535942867,248.44851684570312,0.9985988140106201,0.27529932180560635,0.9963900815989384,0.9837132271406644,0,0,
S03,postnorm,0.034365147001809086,8.044452667236328,0.9994109869003296,0.04061971365626947,0.09317283074426835,1.0010308479897787,0,0,
S03,conditioning,0.08974490378023442,248.44851684570312,0.9959706664085388,0.25704224492425387,1.0945456634435051,0.9990376375899135,0,0,
S03,layer_01,0.003779062823200859,0.027975082397460938,0.9999932050704956,0.0005520088654173231,0.0008349885670228269,1.0002696718544468,0,0,
S03,layer_02,0.003912952773769687,0.1053314208984375,0.9999920129776001,0.0008722424409019306,0.0014350000200834814,1.0005353957688796,0,0,
S03,layer_03,0.0045873885427486745,0.3653068542480469,0.9999904632568359,0.001113720044839302,0.0020899483672838057,1.0016760238563802,0,0,
S03,layer_04,0.0058207793889867255,0.49581146240234375,0.9999864101409912,0.001492224968850733,0.0029586162601833127,1.00240610654913,0,0,
S03,layer_05,0.00608098566204828,0.6852569580078125,0.9999825358390808,0.0020035758333618345,0.003756162343001145,1.0017010364406174,0,0,
S03,layer_06,0.007198471976133967,0.8323860168457031,0.9999744892120361,0.002552920800692249,0.004994210331447326,1.0013237475931356,0,0,
S03,layer_07,0.02238667226067012,300.3525390625,0.9999997615814209,0.007640089781430801,0.7995270534313837,0.9776198958103041,0,0,
S03,layer_08,0.022342367152657073,299.47265625,0.9999998211860657,0.00871650981752777,0.7979691793963642,0.977666083355694,0,0,
S03,layer_09,0.02230093849434373,298.484375,0.9999996423721313,0.00976159447632341,0.7965237530302943,0.9777115148341889,0,0,
S03,layer_10,0.022205313872802005,296.81640625,0.999999463558197,0.009989021845541797,0.79311594218224,0.9778111237258929,0,0,
S03,layer_11,0.022195336151280744,296.0546875,0.9999994039535522,0.010138422120444012,0.7927830819561106,0.977828794942942,0,0,
S03,layer_12,0.022183367802055286,295.0947265625,0.9999992251396179,0.010524935486101426,0.7923817942776218,0.9778527707153397,0,0,
S03,layer_13,0.022080200487278042,293.2177734375,0.9999992251396179,0.010894413722774566,0.7887514128078617,0.9779668071591343,0,0,
S03,layer_14,0.021761033327179526,288.859375,0.9999988079071045,0.011736134200502235,0.7773612484779414,0.978287748928205,0,0,
S03,layer_15,0.02160538556242434,286.5419921875,0.9999989867210388,0.012713264173020397,0.7718658805073075,0.978450059303491,0,0,
S03,layer_16,0.02145294844158323,283.919921875,0.9999985098838806,0.013557447391162627,0.7664514038858347,0.9786136094433981,0,0,
S03,layer_17,0.025007837276883934,305.7734375,0.9999914169311523,0.019934124416706486,1.1031157735156751,0.9753042932383061,0,0,
S03,layer_18,0.025882720765452633,307.4267578125,0.9999874830245972,0.02095092345303446,1.1441694408365357,0.9745685165484922,0,0,
S03,layer_19,0.02586931402773592,306.5830078125,0.9999872446060181,0.02157830817502631,1.143614045173957,0.9745919541816043,0,0,
S03,layer_20,0.02595933905114852,307.4228515625,0.9999865293502808,0.022969053389687924,1.1478130135802143,0.9745135401718692,0,0,
S03,layer_21,0.02617233652662122,309.0966796875,0.9999865293502808,0.024116242413558413,1.1573219344426913,0.9743204422603614,0,0,
S03,layer_22,0.02621889968778602,308.9736328125,0.9999859929084778,0.025853624595858566,1.1595433887314228,0.974291436880368,0,0,
S03,layer_23,0.026388866984059935,310.3837890625,0.9999842643737793,0.027650692300016527,1.1674934781990691,0.9741548892470473,0,0,
S03,layer_24,0.026592102496973434,313.083984375,0.9999827146530151,0.030618240314132725,1.1771376222215837,0.9739845619399153,0,0,
S03,layer_25,0.026580478777553387,313.2099609375,0.9999819397926331,0.03441354533650712,1.1777286828810405,0.9740248483200421,0,0,
S03,layer_26,0.02651616022630176,312.30859375,0.9999802708625793,0.038700419572570074,1.1760607197439548,0.9741166653310922,0,0,
S03,layer_27,0.026454633461204465,311.70703125,0.9999783039093018,0.0436307428985698,1.1748155138900283,0.974217728714906,0,0,
S03,layer_28,0.02631370311750445,310.3330078125,0.9999779462814331,0.0495848252285719,1.1704896170562282,0.9744025781508373,0,0,
S03,layer_29,0.025956879211743993,308.3984375,0.9999769330024719,0.05676652634945059,1.1574716025173981,0.9748091764814519,0,0,
S03,layer_30,0.02574346429500399,307.8994140625,0.999975323677063,0.0643381718305515,1.1515414970478537,0.9750935278376499,0,0,
S03,layer_31,0.025397766471277262,306.3310546875,0.9999738335609436,0.07408642013680516,1.1418612647834292,0.9755632065600034,0,0,
S03,layer_32,0.025255274038602983,308.859375,0.9999722242355347,0.08514559703267348,1.141657432201575,0.9758205925908928,0,0,
S03,layer_33,0.02512847380486088,307.93359375,0.9999678730964661,0.09779622268111628,1.1427555052668381,0.9761365985692084,0,0,
S03,layer_34,0.022462424748018683,275.615234375,0.9999688267707825,0.11521587787244572,1.0270618909882436,0.9789699229083692,0,0,
S03,layer_35,0.05132258750142325,554.9443359375,0.9987444281578064,0.1701398794219118,1.5589151162604886,0.9875465686636716,0,0,
S03,layer_36,0.05497895535942867,248.44851684570312,0.9985988140106201,0.27529932180560635,0.9963900815989384,0.9837132271406644,0,0,
