n,shape,max_abs,mean_abs,median_abs,rmse,rel_l2,norm_ratio,cosine,sign_agreement,mean_rel_elementwise_sym,nan_a,nan_b,inf_a,inf_b,per_token_cos_min,per_token_cos_mean,nan,inf,sign_agree,pair,pid,field
73728,"[18, 4096]",0.0169525146484375,5.471656969449315e-05,3.719329833984375e-05,0.0001177395125795169,9.35147498050252e-06,1.000001146805386,1.0000001192092896,1.0,1.899413800208615e-05,0,0,0,0,0.9999999997581247,0.9999999999646411,0,0,1.0,R_FP32:O_FP32,C01,cond
114688,"[28, 4096]",0.0169525146484375,4.7868500295018226e-05,3.337860107421875e-05,9.735378725840021e-05,7.857406228497053e-06,1.00000043074644,1.0000001192092896,1.0,1.7669464279416348e-05,0,0,0,0,0.9999999997581247,0.9999999999746498,0,0,1.0,R_FP32:O_FP32,C02,cond
110592,"[27, 4096]",0.0169525146484375,4.766913211066518e-05,3.337860107421875e-05,0.00010329585588940168,7.978324261327728e-06,1.0000000515936716,0.9999998807907104,1.0,1.8424341900321106e-05,0,0,0,0,0.9999999997581247,0.9999999999711491,0,0,1.0,R_FP32:O_FP32,C03,cond
77824,"[19, 4096]",0.0169525146484375,5.48656903208068e-05,3.719329833984375e-05,0.00011706962136073051,9.303943798910517e-06,1.0000002561203842,0.9999999403953552,1.0,2.4135402223290385e-05,0,0,0,0,0.9999999997581247,0.9999999999648169,0,0,1.0,R_FP32:O_FP32,C04,cond
102400,"[25, 4096]",0.0169525146484375,4.632896501107098e-05,3.147125244140625e-05,0.00010321796028572295,8.333323238033334e-06,0.9999998252909782,0.9999999403953552,1.0,2.4838979208197378e-05,0,0,0,0,0.9999999997581247,0.9999999999721167,0,0,1.0,R_FP32:O_FP32,C05,cond
81920,"[20, 4096]",0.0169525146484375,4.9479982470757024e-05,3.24249267578125e-05,0.00011151297251127668,8.673568961821338e-06,1.0000003622807998,1.0000001192092896,1.0,2.249239295067736e-05,0,0,0,0,0.9999999997581247,0.9999999999680614,0,0,1.0,R_FP32:O_FP32,C06,cond
102400,"[25, 4096]",0.0169525146484375,4.930025861540344e-05,3.4332275390625e-05,0.00010339358195819736,7.987707175498271e-06,1.0000003482902262,0.9999998807907104,1.0,2.5350834373663988e-05,0,0,0,0,0.9999999997581247,0.999999999972464,0,0,1.0,R_FP32:O_FP32,C07,cond
266240,"[65, 4096]",0.012359619140625,4.0941613035381755e-05,2.956390380859375e-05,7.610153880131716e-05,6.740445059554125e-06,1.000000343779157,1.0000001192092896,1.0,2.1104456051576403e-05,0,0,0,0,0.9999999998464594,0.9999999999797637,0,0,1.0,R_FP32:O_FP32,C08,cond
110592,"[27, 4096]",0.0169525146484375,5.116372024834467e-05,3.528594970703125e-05,0.00010272206755346914,6.585977238159623e-06,1.0000001636702132,0.9999999403953552,1.0,2.2395582959304512e-05,0,0,0,0,0.9999999997581247,0.9999999999746919,0,0,1.0,R_FP32:O_FP32,C09,cond
139264,"[34, 4096]",0.0169525146484375,4.426830777253385e-05,3.0040740966796875e-05,9.694837883104509e-05,8.421334126745838e-06,0.9999995384983503,1.0000001192092896,1.0,1.9524374981382843e-05,0,0,0,0,0.9999999997581247,0.999999999974568,0,0,1.0,R_FP32:O_FP32,C10,cond
73728,"[18, 4096]",184.44851684570312,0.2808613835553236,0.14537358283996582,0.9649821223804057,0.0767282065188822,1.0011010318252413,0.9970611929893494,0.9899359809027778,0.045814817296536484,0,0,0,0,0.9391804932494298,0.996396706517214,0,0,0.9899359809027778,R_BF16:C_BF16,C01,cond
114688,"[28, 4096]",248.44851684570312,0.23208336260308574,0.12589550018310547,0.9747639183092274,0.07840266153377715,0.9965635637451247,0.9969232678413391,0.9914812360491071,0.03960101033303152,0,0,0,0,0.9064503062008954,0.996466410230637,0,0,0.9914812360491071,R_BF16:C_BF16,C02,cond
110592,"[27, 4096]",248.44851684570312,0.23768226485378818,0.1309417486190796,0.9907719517505195,0.07620171161092815,0.9957769004626618,0.997094452381134,0.9911024305555556,0.040821349087160126,0,0,0,0,0.9064503062008954,0.9963595350726281,0,0,0.9911024305555556,R_BF16:C_BF16,C03,cond
77824,"[19, 4096]",248.44851684570312,0.28151126387681297,0.1429286003112793,1.1731202231020859,0.092798114303045,0.9953454698008002,0.9956862330436707,0.9898617393092105,0.045284600526686966,0,0,0,0,0.9064503062008954,0.9948785932267389,0,0,0.9898617393092105,R_BF16:C_BF16,C04,cond
102400,"[25, 4096]",248.44851684570312,0.2363191896512694,0.12017059326171875,1.0312968050184756,0.08280423391199937,0.9945028002435109,0.9965692162513733,0.9915234375,0.04040450809463106,0,0,0,0,0.9064503062008954,0.9960535855767302,0,0,0.9915234375,R_BF16:C_BF16,C05,cond
81920,"[20, 4096]",248.44851684570312,0.26198761188054787,0.121978759765625,1.1436768199551417,0.08870088692264272,0.9971312712530305,0.9960597157478333,0.99041748046875,0.042272736947761645,0,0,0,0,0.9064503062008954,0.995141325216423,0,0,0.99041748046875,R_BF16:C_BF16,C06,cond
102400,"[25, 4096]",248.44851684570312,0.24508323154852404,0.130401611328125,1.0305169401098302,0.07915442461241895,0.9942405025012804,0.9968667030334473,0.99142578125,0.04102117269739286,0,0,0,0,0.9064503062008954,0.9960821429826319,0,0,0.99142578125,R_BF16:C_BF16,C07,cond
266240,"[65, 4096]",164.453125,0.1721029969259549,0.11481952667236328,0.5434517305108172,0.04817574306391163,1.0008577927914906,0.998843252658844,0.9929462139423076,0.03560833912304519,0,0,0,0,0.9380766784284074,0.9988300917524585,0,0,0.9929462139423076,R_BF16:C_BF16,C08,cond
110592,"[27, 4096]",248.44851684570312,0.24089216023481572,0.13068389892578125,0.9924726357144562,0.06365833318472773,1.0004153506614164,0.9979758858680725,0.9915455005787037,0.0389100649674273,0,0,0,0,0.9064503062008954,0.9963775083402139,0,0,0.9915455005787037,R_BF16:C_BF16,C09,cond
139264,"[34, 4096]",248.44851684570312,0.21727107674588725,0.11600875854492188,0.8928836437899589,0.07731791813208466,0.9968846657948517,0.9970079660415649,0.9916633157169118,0.039433726704778946,0,0,0,0,0.9064503062008954,0.9970256887788909,0,0,0.9916633157169118,R_BF16:C_BF16,C10,cond
73728,"[18, 4096]",184.44485473632812,0.2808604502547496,0.1453850269317627,0.9649688932849675,0.07664277067924147,0.998900207355688,0.9970613718032837,0.9899359809027778,0.0458147039034943,0,0,0,0,0.9391824207990523,0.9963968075940772,0,0,0.9899359809027778,R_FP32:R_BF16,C01,cond
114688,"[28, 4096]",248.44485473632812,0.2320811651056504,0.1259021759033203,0.9747509627444804,0.07867197056826487,1.0034482844133343,0.9969233870506287,0.9914812360491071,0.039600983213694305,0,0,0,0,0.9064526357292378,0.9964664964567999,0,0,0.9914812360491071,R_FP32:R_BF16,C02,cond
110592,"[27, 4096]",248.44485473632812,0.23767931870261488,0.1309288740158081,0.9907580079990536,0.07652377323623692,1.0042405688850178,0.9970943331718445,0.9911024305555556,0.04082138579740054,0,0,0,0,0.9064526357292378,0.9963596289084014,0,0,0.9911024305555556,R_FP32:R_BF16,C03,cond
77824,"[19, 4096]",248.44485473632812,0.28150650406826716,0.14293718338012695,1.1731043976350826,0.09323082503376669,1.0046764790508196,0.9956861734390259,0.9898617393092105,0.04528419140865658,0,0,0,0,0.9064526357292378,0.9948787256640109,0,0,0.9898617393092105,R_FP32:R_BF16,C04,cond
102400,"[25, 4096]",248.44485473632812,0.23631496066877616,0.12016582489013672,1.0312835987902296,0.08326089330782856,1.0055278043374856,0.9965692162513733,0.9915234375,0.04040433105753131,0,0,0,0,0.9064526357292378,0.9960536835377961,0,0,0.9915234375,R_FP32:R_BF16,C05,cond
81920,"[20, 4096]",248.44485473632812,0.26198436118955326,0.1219862699508667,1.1436616799380763,0.08895492808186271,1.002877296618056,0.9960598945617676,0.99041748046875,0.042272781103272,0,0,0,0,0.9064526357292378,0.9951414467271649,0,0,0.99041748046875,R_FP32:R_BF16,C06,cond
102400,"[25, 4096]",248.44485473632812,0.24508156852250976,0.13041257858276367,1.030503231065086,0.07961188593389411,1.0057927326330207,0.996866762638092,0.99142578125,0.04102126136724732,0,0,0,0,0.9064526357292378,0.9960822433519264,0,0,0.99142578125,R_FP32:R_BF16,C07,cond
266240,"[65, 4096]",164.44561767578125,0.17210215699050632,0.11481216549873352,0.5434330330158282,0.048132804674991064,0.9991430890985873,0.9988434910774231,0.9929462139423076,0.03560833942139572,0,0,0,0,0.9380810938357533,0.998830164246145,0,0,0.9929462139423076,R_FP32:R_BF16,C08,cond
110592,"[27, 4096]",248.44485473632812,0.2408891087647202,0.1306753158569336,0.9924583967604581,0.06363100516334987,0.9995850488664816,0.9979759454727173,0.9915455005787037,0.0389097856973231,0,0,0,0,0.9064526357292378,0.9963776050135886,0,0,0.9915455005787037,R_FP32:R_BF16,C09,cond
139264,"[34, 4096]",248.44485473632812,0.217266691893985,0.11599135398864746,0.8928701734341379,0.07755836820539563,1.0031250215932643,0.9970080852508545,0.9916633157169118,0.03943337878395557,0,0,0,0,0.9064526357292378,0.9970257719548641,0,0,0.9916633157169118,R_FP32:R_BF16,C10,cond
73728,"[18, 4096]",54.5716552734375,0.4025678819118386,0.27791595458984375,0.6428613601350174,0.05105933958405116,0.9951465372124702,0.9987020492553711,0.9852837456597222,0.06830075034203931,0,0,0,0,0.9864884142693258,0.9985889342012535,0,0,0.9852837456597222,C_BF16:C_INT8,C01,cond
114688,"[28, 4096]",54.5716552734375,0.36399979048407466,0.2618579864501953,0.5670033379334499,0.045762734988293995,0.9940811828192672,0.9989643692970276,0.9865809849330357,0.06387484656077504,0,0,0,0,0.9864884142693258,0.998905497948698,0,0,0.9865809849330357,C_BF16:C_INT8,C02,cond
110592,"[27, 4096]",54.5716552734375,0.37286380354565707,0.27068257331848145,0.5793260740078591,0.04474577668916494,0.9966728105682394,0.9990014433860779,0.9860116464120371,0.06529948313604465,0,0,0,0,0.9864884142693258,0.9988740385435108,0,0,0.9860116464120371,C_BF16:C_INT8,C03,cond
77824,"[19, 4096]",54.535491943359375,0.3977630676706069,0.2794915437698364,0.6299926876062354,0.05006777526125121,0.9972408906934739,0.9987468719482422,0.9850046258223685,0.06818662996156254,0,0,0,0,0.9864959591742924,0.9986184341026679,0,0,0.9850046258223685,C_BF16:C_INT8,C04,cond
102400,"[25, 4096]",54.535491943359375,0.3613700526859134,0.25667130947113037,0.5762208119895885,0.04652129558505697,0.9939883510471278,0.9989296793937683,0.986806640625,0.06440479653383913,0,0,0,0,0.9864959591742924,0.9988582453646936,0,0,0.986806640625,C_BF16:C_INT8,C05,cond
81920,"[20, 4096]",54.535491943359375,0.3783470985858258,0.2575249671936035,0.6176146477011358,0.04803855047201256,0.9941943650043369,0.9988561868667603,0.98577880859375,0.06574133149930075,0,0,0,0,0.9864959591742924,0.9987163306387588,0,0,0.98577880859375,C_BF16:C_INT8,C06,cond
102400,"[25, 4096]",54.535491943359375,0.3754267050689475,0.26784181594848633,0.5867065585383467,0.04532622527529944,0.9963343070362278,0.998975932598114,0.9862890625,0.06537401003300845,0,0,0,0,0.9864959591742924,0.9988572830320271,0,0,0.9862890625,C_BF16:C_INT8,C07,cond
266240,"[65, 4096]",54.531219482421875,0.2925861620569217,0.21970975399017334,0.44110591639262303,0.039069509041924834,0.9965092657791783,0.9992401003837585,0.9877554086538461,0.05860037827129854,0,0,0,0,0.986497341158163,0.9992473525434047,0,0,0.9877554086538461,C_BF16:C_INT8,C08,cond
110592,"[27, 4096]",54.5716552734375,0.3792597498498725,0.2747774124145508,0.5820565057835042,0.03731827170975067,0.9971014639073389,0.9993059039115906,0.9867802372685185,0.06269500131417576,0,0,0,0,0.9864884142693258,0.9989588627948047,0,0,0.9867802372685185,C_BF16:C_INT8,C09,cond
139264,"[34, 4096]",54.535491943359375,0.3261939073243224,0.23420941829681396,0.5177922415327073,0.04497756163119117,0.9974321877831255,0.9989893436431885,0.9871610753676471,0.06177151595052591,0,0,0,0,0.9864959591742924,0.9990039871105543,0,0,0.9871610753676471,C_BF16:C_INT8,C10,cond
73728,"[18, 4096]",435.45372009277344,3.432676759558616,2.4024035930633545,5.930975980330459,0.47106846891675236,0.9926452305301963,0.8882523775100708,0.8765190972222222,0.3191462159123469,0,0,0,0,0.37182023497539135,0.8975911514766959,0,0,0.8765190972222222,C_BF16:C_W4A8,C01,cond
114688,"[28, 4096]",390.8872985839844,3.10874406548781,2.282667398452759,5.012375970554335,0.40454794153097845,1.0024732683605597,0.918375551700592,0.8860386439732143,0.3041314012742703,0,0,0,0,0.37182023497539135,0.9230601900135575,0,0,0.8860386439732143,C_BF16:C_W4A8,C02,cond
110592,"[27, 4096]",393.0790100097656,3.1425578446566753,2.282249867916107,5.213267764151135,0.40266048027447215,0.991825380495022,0.9182977080345154,0.8857602719907407,0.30753020051623003,0,0,0,0,0.37182023497539135,0.9215192214208897,0,0,0.8857602719907407,C_BF16:C_W4A8,C03,cond
77824,"[19, 4096]",325.4990997314453,3.4198151196093427,2.4775428771972656,5.523680493467709,0.43898667238937195,1.009230614020009,0.9045688509941101,0.8747815583881579,0.3207505064199429,0,0,0,0,0.37188234450926455,0.9043119108745696,0,0,0.8747815583881579,C_BF16:C_W4A8,C04,cond
102400,"[25, 4096]",460.25543212890625,3.048905173716696,2.189779043197632,5.12935200530323,0.4141191984624599,0.9846277978466423,0.9130340218544006,0.88505859375,0.30508121739019656,0,0,0,0,0.37188234450926455,0.9206229818887958,0,0,0.88505859375,C_BF16:C_W4A8,C05,cond
81920,"[20, 4096]",525.3288726806641,3.2951283529060533,2.2955026626586914,5.759893184272814,0.4480089979666166,0.9904424146206703,0.8987216353416443,0.880517578125,0.3146777279724017,0,0,0,0,0.37188234450926455,0.9040277465760568,0,0,0.880517578125,C_BF16:C_W4A8,C06,cond
102400,"[25, 4096]",456.3196716308594,3.1138789859053304,2.2436630725860596,5.185904430181185,0.4006389037889075,0.9861908008468361,0.9187171459197998,0.88560546875,0.30581589232553985,0,0,0,0,0.37188234450926455,0.9201897438935788,0,0,0.88560546875,C_BF16:C_W4A8,C07,cond
266240,"[65, 4096]",427.69126892089844,2.627515914682716,2.0159480571746826,4.116579742121369,0.36461254197610926,0.9981790048287658,0.9334092736244202,0.8949143629807692,0.293199342500923,0,0,0,0,0.3718808187858897,0.9404227673414252,0,0,0.8949143629807692,C_BF16:C_W4A8,C08,cond
110592,"[27, 4096]",443.46604919433594,3.193977319173175,2.3620515763759613,5.176404495832304,0.33188267382221476,0.9884505663649257,0.9443508386611938,0.8893771701388888,0.2971947470146623,0,0,0,0,0.37182023497539135,0.9261512616230765,0,0,0.8893771701388888,C_BF16:C_W4A8,C09,cond
139264,"[34, 4096]",325.4990997314453,2.8912592692177452,2.128650665283203,4.600529016608578,0.3996208532752323,0.9799459703236064,0.9187228679656982,0.8875732421875,0.3045875471949069,0,0,0,0,0.37188234450926455,0.9270198494936794,0,0,0.8875732421875,C_BF16:C_W4A8,C10,cond
73728,"[18, 4096]",199.48211669921875,0.5050007692396119,0.30631768703460693,1.276043167213651,0.1014614689642727,0.9962422252207198,0.9948415756225586,0.9814181857638888,0.07837845497073358,0,0,0,0,0.9045861637728442,0.9938536601715737,0,0,0.9814181857638888,R_BF16:C_INT8,C01,cond
114688,"[28, 4096]",263.48211669921875,0.45541363513731475,0.2910701036453247,1.2392231115841508,0.09967376547019917,0.9906650862023376,0.99503093957901,0.9834071568080357,0.07246229987910575,0,0,0,0,0.8672895159238652,0.9944344964096168,0,0,0.9834071568080357,R_BF16:C_INT8,C02,cond
110592,"[27, 4096]",263.48211669921875,0.4652113109164862,0.29854488372802734,1.2599119658875966,0.09690166148738459,0.9924637620830512,0.995299220085144,0.982421875,0.07411536526032549,0,0,0,0,0.8672895159238652,0.9942632293993928,0,0,0.982421875,R_BF16:C_INT8,C03,cond
77824,"[19, 4096]",263.4611511230469,0.5120942837201686,0.3111600875854492,1.4624390090458141,0.11568429189959979,0.9925992028518643,0.993287205696106,0.9810084292763158,0.07842580622316839,0,0,0,0,0.8673193062158596,0.9921711095176513,0,0,0.9810084292763158,R_BF16:C_INT8,C04,cond
102400,"[25, 4096]",263.4611511230469,0.4592682299511216,0.281400203704834,1.3066521320201936,0.10491289050340309,0.9885241985257984,0.9945006370544434,0.983330078125,0.07344718668193972,0,0,0,0,0.8673193062158596,0.9938267066310502,0,0,0.983330078125,R_BF16:C_INT8,C05,cond
81920,"[20, 4096]",263.4611511230469,0.49604480581145366,0.28779006004333496,1.4357893287797412,0.11135644674675159,0.9913422910493738,0.9937846660614014,0.98189697265625,0.07624927599783814,0,0,0,0,0.8673193062158596,0.9925404589057736,0,0,0.98189697265625,R_BF16:C_INT8,C06,cond
102400,"[25, 4096]",263.4611511230469,0.4794020345738124,0.30039453506469727,1.3084492096631326,0.10050251509152419,0.9905959220869641,0.9949474334716797,0.982958984375,0.07473040449167626,0,0,0,0,0.8673193062158596,0.9938756190068923,0,0,0.982958984375,R_BF16:C_INT8,C07,cond
266240,"[65, 4096]",187.84823608398438,0.3389832997242103,0.24094417691230774,0.7643785107289979,0.06776039281693416,0.9973640642440174,0.9977040886878967,0.9858698918269231,0.06393580236983841,0,0,0,0,0.8983985202449262,0.9977141228152853,0,0,0.9858698918269231,R_BF16:C_INT8,C08,cond
110592,"[27, 4096]",263.48211669921875,0.4744502960261343,0.3058673143386841,1.259376847640552,0.08077787546708737,0.9975156106598722,0.9967334270477295,0.9832899305555556,0.071716383536029,0,0,0,0,0.8672895159238652,0.9943838990662762,0,0,0.9832899305555556,R_BF16:C_INT8,C09,cond
139264,"[34, 4096]",263.4611511230469,0.4098478370167012,0.2592017650604248,1.1292900718294512,0.09778917771465559,0.9943248531712088,0.9952089786529541,0.9842457490808824,0.06993435459290367,0,0,0,0,0.8673193062158596,0.9952789518551768,0,0,0.9842457490808824,R_BF16:C_INT8,C10,cond
73728,"[18, 4096]",433.67921447753906,3.4376048999377975,2.4129209518432617,5.864555784424285,0.46630588995660815,0.993738164520184,0.8906151056289673,0.8765733506944444,0.3193858407971411,0,0,0,0,0.4227816915471998,0.9004741924932929,0,0,0.8765733506944444,R_BF16:C_W4A8,C01,cond
114688,"[28, 4096]",399.3299255371094,3.1139317921133625,2.2863612174987793,4.994328942872846,0.401706171454931,0.999028332876622,0.9192392826080322,0.8859776088169643,0.3038983821972203,0,0,0,0,0.43054942362725424,0.9247870809576604,0,0,0.8859776088169643,R_BF16:C_W4A8,C02,cond
110592,"[27, 4096]",392.7000732421875,3.1497547704970774,2.286789894104004,5.184746781998364,0.39876641477332786,0.9876368031895332,0.9195756912231445,0.8856608072916666,0.3073278422054127,0,0,0,0,0.43054942362725424,0.9236841000723897,0,0,0.8856608072916666,R_BF16:C_W4A8,C03,cond
77824,"[19, 4096]",316.67230224609375,3.427146045387477,2.4808621406555176,5.488939527348011,0.4341952577668737,1.0045331196490959,0.9061737060546875,0.8748458059210527,0.3203174225161433,0,0,0,0,0.43057895197729806,0.9071644800701241,0,0,0.8748458059210527,R_BF16:C_W4A8,C04,cond
102400,"[25, 4096]",468.7293701171875,3.0582175473770805,2.1952898502349854,5.131379564418509,0.41200549800573827,0.9792151021560874,0.9135459065437317,0.8851171875,0.3050029730964745,0,0,0,0,0.43057895197729806,0.9221740012918329,0,0,0.8851171875,R_BF16:C_W4A8,C05,cond
81920,"[20, 4096]",527.8438262939453,3.304981910790059,2.302065849304199,5.7309063973951995,0.4444756345936431,0.98760110399363,0.9000592827796936,0.88096923828125,0.31449326961415325,0,0,0,0,0.43057895197729806,0.9067796672820393,0,0,0.88096923828125,R_BF16:C_W4A8,C06,cond
102400,"[25, 4096]",466.3304443359375,3.120969426138736,2.247786045074463,5.17978708296031,0.3978615491006543,0.9805108373960985,0.9194746613502502,0.88564453125,0.3055993920673879,0,0,0,0,0.43057895197729806,0.9218071586320717,0,0,0.88564453125,R_BF16:C_W4A8,C07,cond
266240,"[65, 4096]",440.6566619873047,2.6232771919904248,2.011600971221924,4.104677322683544,0.3638701819423704,0.9990352355837252,0.9337379932403564,0.8946702223557692,0.2927960020694399,0,0,0,0,0.3995595837583818,0.9410815102855631,0,0,0.8946702223557692,R_BF16:C_W4A8,C08,cond
110592,"[27, 4096]",448.6669158935547,3.201490266369833,2.368037700653076,5.1489596877887225,0.33026018004418806,0.9888611199614428,0.944913387298584,0.8889069733796297,0.29737532457801513,0,0,0,0,0.43054942362725424,0.9281866827140445,0,0,0.8889069733796297,R_BF16:C_W4A8,C09,cond
139264,"[34, 4096]",253.82821655273438,2.9030359115527595,2.131016492843628,4.582813377204787,0.39684184157448316,0.97689311112306,0.9196703433990479,0.8872285730698529,0.3046314542996181,0,0,0,0,0.43057895197729806,0.9283838372908739,0,0,0.8872285730698529,R_BF16:C_W4A8,C10,cond
73728,"[18, 4096]",17.848541259765625,0.11296161611411056,0.08049142360687256,0.1791342137694727,0.014227756523842127,1.002006849964273,0.9999011754989624,0.9962836371527778,0.023578628253150886,0,0,0,0,0.9994764681177055,0.9999025726072417,0,0,0.9962836371527778,R_FP32:O_BF16,C01,cond
114688,"[28, 4096]",19.602264404296875,0.10434321711074647,0.0750739574432373,0.17912183739797924,0.014456890486397363,1.0005401354893717,0.9998956322669983,0.9964861188616071,0.02256589183194685,0,0,0,0,0.9994764681177055,0.9999048906471567,0,0,0.9964861188616071,R_FP32:O_BF16,C02,cond
110592,"[27, 4096]",17.848541259765625,0.1047575528513781,0.0771019458770752,0.1740520580420448,0.013443363680510877,1.001262785298355,0.9999107718467712,0.9965368200231481,0.02249721393482578,0,0,0,0,0.9994764681177055,0.9999075973465813,0,0,0.9965368200231481,R_FP32:O_BF16,C03,cond
77824,"[19, 4096]",17.848541259765625,0.11031845660387549,0.07927608489990234,0.18217821965299286,0.014478358239617392,0.9999348310328656,0.9998952150344849,0.99658203125,0.023306066712317875,0,0,0,0,0.9994764681177055,0.9998874678120285,0,0,0.99658203125,R_FP32:O_BF16,C04,cond
102400,"[25, 4096]",17.848541259765625,0.09558946021757266,0.06966733932495117,0.1538809104366508,0.012423606931213901,1.000300184463186,0.9999228715896606,0.996689453125,0.021822753626418664,0,0,0,0,0.9994764681177055,0.9999215454278708,0,0,0.996689453125,R_FP32:O_BF16,C05,cond
81920,"[20, 4096]",18.13922119140625,0.10333136900642899,0.07152819633483887,0.19131292882915643,0.014880473940553453,0.9991980691073148,0.9998892545700073,0.99658203125,0.022403659863103817,0,0,0,0,0.9994764681177055,0.9998971329214875,0,0,0.99658203125,R_FP32:O_BF16,C06,cond
102400,"[25, 4096]",17.848541259765625,0.11081313978422258,0.07922887802124023,0.17769490016440964,0.013727881385002853,1.0015800857546084,0.9999070167541504,0.996259765625,0.023716754835618165,0,0,0,0,0.9994764681177055,0.9999083846698983,0,0,0.996259765625,R_FP32:O_BF16,C07,cond
266240,"[65, 4096]",17.84716796875,0.08579254753128855,0.0636911392211914,0.13839884012686582,0.012258224904185617,1.0006397636754054,0.9999250769615173,0.9966083233173076,0.020949350070517604,0,0,0,0,0.9994765143799696,0.9999311302184575,0,0,0.9966083233173076,R_FP32:O_BF16,C08,cond
110592,"[27, 4096]",17.848541259765625,0.10438428732912278,0.07632064819335938,0.17360434233460678,0.01113056107896436,0.9994183671912404,0.9999382495880127,0.9966995804398148,0.021254384380276936,0,0,0,0,0.9994764681177055,0.9999239893880199,0,0,0.9966995804398148,R_FP32:O_BF16,C09,cond
139264,"[34, 4096]",17.848541259765625,0.10094880820141959,0.0670546293258667,0.18633113634325524,0.016185487331329223,0.9992091094702646,0.9998692274093628,0.9965461282169118,0.02276803470376387,0,0,0,0,0.9989030367054552,0.9998797260387265,0,0,0.9965461282169118,R_FP32:O_BF16,C10,cond
73728,"[18, 4096]",17.84844970703125,0.11296320029820588,0.08049452304840088,0.17913576261911238,0.014227879139129198,1.002006821633305,0.9999011158943176,0.9962836371527778,0.023578730227754623,0,0,0,0,0.999476446556372,0.9999025700298763,0,0,0.9962836371527778,C_BF16:O_BF16,C01,cond
114688,"[28, 4096]",19.600982666015625,0.104344068987416,0.0750730037689209,0.17912089567353728,0.014456814503861073,1.0005401371413796,0.9998955726623535,0.9964861188616071,0.022566231141161238,0,0,0,0,0.999476446556372,0.9999048905040792,0,0,0.9964861188616071,C_BF16:O_BF16,C02,cond
110592,"[27, 4096]",17.84844970703125,0.10475896332167378,0.07710695266723633,0.17405606738563933,0.013443679254330279,1.0012632248497237,0.9999108910560608,0.9965368200231481,0.022497274136776334,0,0,0,0,0.999476446556372,0.9999075954963618,0,0,0.9965368200231481,C_BF16:O_BF16,C03,cond
77824,"[19, 4096]",17.84844970703125,0.11032097135902356,0.0792851448059082,0.18218317190634384,0.014478749177307815,0.9999346490061103,0.9998952150344849,0.99658203125,0.023306705592781304,0,0,0,0,0.999476446556372,0.9998874639517753,0,0,0.99658203125,C_BF16:O_BF16,C04,cond
102400,"[25, 4096]",17.84844970703125,0.0955898850960034,0.06966519355773926,0.15388231206802377,0.01242371739457037,1.0002999672617139,0.9999228715896606,0.996689453125,0.02182267523071204,0,0,0,0,0.999476446556372,0.9999215441026499,0,0,0.996689453125,C_BF16:O_BF16,C05,cond
81920,"[20, 4096]",18.136932373046875,0.103332518943742,0.07152929902076721,0.19131244717922166,0.014880431809626551,0.9991977556714042,0.9998892545700073,0.99658203125,0.022403813846812847,0,0,0,0,0.999476446556372,0.9998971306742892,0,0,0.99658203125,C_BF16:O_BF16,C06,cond
102400,"[25, 4096]",17.84844970703125,0.11081521295531274,0.07923269271850586,0.1776995897455958,0.01372824543874727,1.0015802140518353,0.9999070167541504,0.996259765625,0.023716564435909245,0,0,0,0,0.999476446556372,0.9999083808583836,0,0,0.996259765625,C_BF16:O_BF16,C07,cond
266240,"[65, 4096]",17.8492431640625,0.08579155384083537,0.0636911392211914,0.13839990232154145,0.012258317184619394,1.0006396167434015,0.9999250769615173,0.9966083233173076,0.020949036824382258,0,0,0,0,0.9994763642590321,0.9999311291014882,0,0,0.9966083233173076,C_BF16:O_BF16,C08,cond
110592,"[27, 4096]",17.84844970703125,0.10438513690547148,0.07631826400756836,0.1736059839572638,0.01113066380219368,0.9994181401457557,0.9999382495880127,0.9966995804398148,0.021254581567588086,0,0,0,0,0.999476446556372,0.9999239870505152,0,0,0.9966995804398148,C_BF16:O_BF16,C09,cond
139264,"[34, 4096]",17.84844970703125,0.1009468932899956,0.06704425811767578,0.1863226657687131,0.016184752320918597,0.9992091575307717,0.9998692274093628,0.9965461282169118,0.022767521293384635,0,0,0,0,0.9989033721868199,0.9998797321467738,0,0,0.9965461282169118,C_BF16:O_BF16,C10,cond
73728,"[18, 4096]",0.0097808837890625,5.3766309570669866e-05,3.719329833984375e-05,0.0001018580164285028,8.090085005402228e-06,1.0000011185311277,1.0,1.0,1.7671188445802942e-05,0,0,0,0,0.9999999998944537,0.999999999973971,0,0,1.0,C_BF16:O_FP32,C01,cond
114688,"[28, 4096]",0.0097808837890625,4.959257552984907e-05,3.528594970703125e-05,8.415227526765936e-05,6.7919146398179835e-06,1.0000004323975569,1.0000001192092896,1.0,1.7679259543016224e-05,0,0,0,0,0.9999999998944537,0.9999999999789656,0,0,1.0,C_BF16:O_FP32,C02,cond
110592,"[27, 4096]",0.0097808837890625,4.8560887202492505e-05,3.528594970703125e-05,8.53665321153459e-05,6.593509172366159e-06,1.0000004905907038,0.9999998807907104,1.0,1.907573118608763e-05,0,0,0,0,0.9999999998944537,0.9999999999785205,0,0,1.0,C_BF16:O_FP32,C03,cond
77824,"[19, 4096]",0.0097808837890625,5.3371060139876424e-05,3.814697265625e-05,9.822231089212362e-05,7.806078838904476e-06,1.000000074081719,1.0000001192092896,1.0,2.2667429707884887e-05,0,0,0,0,0.9999999998944537,0.9999999999735061,0,0,1.0,C_BF16:O_FP32,C04,cond
102400,"[25, 4096]",0.0097808837890625,4.6410924321662604e-05,3.24249267578125e-05,8.647350812762041e-05,6.981454935637663e-06,0.9999996081547249,0.9999999403953552,1.0,2.2332978627513027e-05,0,0,0,0,0.9999999998944537,0.9999999999787506,0,0,1.0,C_BF16:O_FP32,C05,cond
81920,"[20, 4096]",0.0097808837890625,4.8973016893683054e-05,3.337860107421875e-05,8.983862407872197e-05,6.987718463617509e-06,1.0000000485932201,1.0000001192092896,1.0,1.9611676318323996e-05,0,0,0,0,0.9999999998944537,0.9999999999764894,0,0,1.0,C_BF16:O_FP32,C06,cond
102400,"[25, 4096]",0.0097808837890625,5.128631160914665e-05,3.62396240234375e-05,9.024672467676856e-05,6.972043031609952e-06,1.0000004763850967,1.0000001192092896,1.0,2.7340068458380236e-05,0,0,0,0,0.9999999998944537,0.9999999999774977,0,0,1.0,C_BF16:O_FP32,C07,cond
266240,"[65, 4096]",0.005401611328125,4.050466857454292e-05,2.9802322387695312e-05,6.852706725834314e-05,6.069560108741275e-06,1.0000001969410441,1.0,1.0,1.9827143688245054e-05,0,0,0,0,0.9999999998857816,0.9999999999816355,0,0,1.0,C_BF16:O_FP32,C08,cond
110592,"[27, 4096]",0.0097808837890625,5.074610261443821e-05,3.62396240234375e-05,8.943739940517151e-05,5.7342356607162835e-06,0.9999999364925573,0.9999998807907104,1.0,1.7179274307931414e-05,0,0,0,0,0.9999999998944537,0.9999999999808558,0,0,1.0,C_BF16:O_FP32,C09,cond
139264,"[34, 4096]",0.0097808837890625,4.242220137150391e-05,3.0517578125e-05,7.93258018040541e-05,6.890565082675398e-06,0.9999995865968759,1.0,1.0,2.0421491161580577e-05,0,0,0,0,0.9999999998944537,0.9999999999802358,0,0,1.0,C_BF16:O_FP32,C10,cond
73728,"[18, 4096]",0.0,0.0,0.0,0.0,0.0,0.0,1.0,1.0,0.0,0,0,0,0,0.9999999999999999,1.0,0,0,1.0,C_BF16_rep_r0:C_BF16_rep_r1,C01,cond
114688,"[28, 4096]",0.0,0.0,0.0,0.0,0.0,0.0,1.0000001192092896,1.0,0.0,0,0,0,0,0.9999999999999999,1.0,0,0,1.0,C_BF16_rep_r0:C_BF16_rep_r1,C02,cond
110592,"[27, 4096]",0.0,0.0,0.0,0.0,0.0,0.0,1.0,1.0,0.0,0,0,0,0,0.9999999999999998,1.0,0,0,1.0,C_BF16_rep_r0:C_BF16_rep_r1,C03,cond
77824,"[19, 4096]",0.0,0.0,0.0,0.0,0.0,0.0,1.0,1.0,0.0,0,0,0,0,0.9999999999999998,1.0,0,0,1.0,C_BF16_rep_r0:C_BF16_rep_r1,C04,cond
102400,"[25, 4096]",0.0,0.0,0.0,0.0,0.0,0.0,1.0,1.0,0.0,0,0,0,0,0.9999999999999998,1.0,0,0,1.0,C_BF16_rep_r0:C_BF16_rep_r1,C05,cond
81920,"[20, 4096]",0.0,0.0,0.0,0.0,0.0,0.0,1.0,1.0,0.0,0,0,0,0,0.9999999999999999,1.0,0,0,1.0,C_BF16_rep_r0:C_BF16_rep_r1,C06,cond
102400,"[25, 4096]",0.0,0.0,0.0,0.0,0.0,0.0,1.0,1.0,0.0,0,0,0,0,0.9999999999999998,1.0,0,0,1.0,C_BF16_rep_r0:C_BF16_rep_r1,C07,cond
266240,"[65, 4096]",0.0,0.0,0.0,0.0,0.0,0.0,0.9999998807907104,1.0,0.0,0,0,0,0,0.9999999999999998,1.0,0,0,1.0,C_BF16_rep_r0:C_BF16_rep_r1,C08,cond
110592,"[27, 4096]",0.0,0.0,0.0,0.0,0.0,0.0,1.0000001192092896,1.0,0.0,0,0,0,0,0.9999999999999998,1.0,0,0,1.0,C_BF16_rep_r0:C_BF16_rep_r1,C09,cond
139264,"[34, 4096]",0.0,0.0,0.0,0.0,0.0,0.0,1.0,1.0,0.0,0,0,0,0,0.9999999999999998,1.0,0,0,1.0,C_BF16_rep_r0:C_BF16_rep_r1,C10,cond
73728,"[18, 4096]",0.0,0.0,0.0,0.0,0.0,0.0,1.0,1.0,0.0,0,0,0,0,0.9999999999999999,1.0,0,0,1.0,C_BF16_rep_r1:C_BF16_rep_r2,C01,cond
114688,"[28, 4096]",0.0,0.0,0.0,0.0,0.0,0.0,1.0000001192092896,1.0,0.0,0,0,0,0,0.9999999999999999,1.0,0,0,1.0,C_BF16_rep_r1:C_BF16_rep_r2,C02,cond
110592,"[27, 4096]",0.0,0.0,0.0,0.0,0.0,0.0,1.0,1.0,0.0,0,0,0,0,0.9999999999999998,1.0,0,0,1.0,C_BF16_rep_r1:C_BF16_rep_r2,C03,cond
77824,"[19, 4096]",0.0,0.0,0.0,0.0,0.0,0.0,1.0,1.0,0.0,0,0,0,0,0.9999999999999998,1.0,0,0,1.0,C_BF16_rep_r1:C_BF16_rep_r2,C04,cond
102400,"[25, 4096]",0.0,0.0,0.0,0.0,0.0,0.0,1.0,1.0,0.0,0,0,0,0,0.9999999999999998,1.0,0,0,1.0,C_BF16_rep_r1:C_BF16_rep_r2,C05,cond
81920,"[20, 4096]",0.0,0.0,0.0,0.0,0.0,0.0,1.0,1.0,0.0,0,0,0,0,0.9999999999999999,1.0,0,0,1.0,C_BF16_rep_r1:C_BF16_rep_r2,C06,cond
102400,"[25, 4096]",0.0,0.0,0.0,0.0,0.0,0.0,1.0,1.0,0.0,0,0,0,0,0.9999999999999998,1.0,0,0,1.0,C_BF16_rep_r1:C_BF16_rep_r2,C07,cond
266240,"[65, 4096]",0.0,0.0,0.0,0.0,0.0,0.0,0.9999998807907104,1.0,0.0,0,0,0,0,0.9999999999999998,1.0,0,0,1.0,C_BF16_rep_r1:C_BF16_rep_r2,C08,cond
110592,"[27, 4096]",0.0,0.0,0.0,0.0,0.0,0.0,1.0000001192092896,1.0,0.0,0,0,0,0,0.9999999999999998,1.0,0,0,1.0,C_BF16_rep_r1:C_BF16_rep_r2,C09,cond
139264,"[34, 4096]",0.0,0.0,0.0,0.0,0.0,0.0,1.0,1.0,0.0,0,0,0,0,0.9999999999999998,1.0,0,0,1.0,C_BF16_rep_r1:C_BF16_rep_r2,C10,cond
73728,"[18, 4096]",0.0,0.0,0.0,0.0,0.0,0.0,1.0,1.0,0.0,0,0,0,0,0.9999999999999998,1.0,0,0,1.0,C_INT8_rep_r0:C_INT8_rep_r1,C01,cond
114688,"[28, 4096]",0.0,0.0,0.0,0.0,0.0,0.0,1.0,1.0,0.0,0,0,0,0,0.9999999999999998,1.0,0,0,1.0,C_INT8_rep_r0:C_INT8_rep_r1,C02,cond
110592,"[27, 4096]",0.0,0.0,0.0,0.0,0.0,0.0,0.9999998807907104,1.0,0.0,0,0,0,0,0.9999999999999998,1.0,0,0,1.0,C_INT8_rep_r0:C_INT8_rep_r1,C03,cond
77824,"[19, 4096]",0.0,0.0,0.0,0.0,0.0,0.0,1.0,1.0,0.0,0,0,0,0,0.9999999999999998,1.0,0,0,1.0,C_INT8_rep_r0:C_INT8_rep_r1,C04,cond
102400,"[25, 4096]",0.0,0.0,0.0,0.0,0.0,0.0,0.9999999403953552,1.0,0.0,0,0,0,0,0.9999999999999999,1.0,0,0,1.0,C_INT8_rep_r0:C_INT8_rep_r1,C05,cond
81920,"[20, 4096]",0.0,0.0,0.0,0.0,0.0,0.0,1.0,1.0,0.0,0,0,0,0,0.9999999999999998,1.0,0,0,1.0,C_INT8_rep_r0:C_INT8_rep_r1,C06,cond
102400,"[25, 4096]",0.0,0.0,0.0,0.0,0.0,0.0,1.0000001192092896,1.0,0.0,0,0,0,0,0.9999999999999998,1.0,0,0,1.0,C_INT8_rep_r0:C_INT8_rep_r1,C07,cond
266240,"[65, 4096]",0.0,0.0,0.0,0.0,0.0,0.0,1.0,1.0,0.0,0,0,0,0,0.9999999999999998,1.0,0,0,1.0,C_INT8_rep_r0:C_INT8_rep_r1,C08,cond
110592,"[27, 4096]",0.0,0.0,0.0,0.0,0.0,0.0,0.9999999403953552,1.0,0.0,0,0,0,0,0.9999999999999998,1.0,0,0,1.0,C_INT8_rep_r0:C_INT8_rep_r1,C09,cond
139264,"[34, 4096]",0.0,0.0,0.0,0.0,0.0,0.0,1.0,1.0,0.0,0,0,0,0,0.9999999999999998,1.0,0,0,1.0,C_INT8_rep_r0:C_INT8_rep_r1,C10,cond
73728,"[18, 4096]",0.0,0.0,0.0,0.0,0.0,0.0,1.0,1.0,0.0,0,0,0,0,0.9999999999999998,1.0,0,0,1.0,C_INT8_rep_r1:C_INT8_rep_r2,C01,cond
114688,"[28, 4096]",0.0,0.0,0.0,0.0,0.0,0.0,1.0,1.0,0.0,0,0,0,0,0.9999999999999998,1.0,0,0,1.0,C_INT8_rep_r1:C_INT8_rep_r2,C02,cond
110592,"[27, 4096]",0.0,0.0,0.0,0.0,0.0,0.0,0.9999998807907104,1.0,0.0,0,0,0,0,0.9999999999999998,1.0,0,0,1.0,C_INT8_rep_r1:C_INT8_rep_r2,C03,cond
77824,"[19, 4096]",0.0,0.0,0.0,0.0,0.0,0.0,1.0,1.0,0.0,0,0,0,0,0.9999999999999998,1.0,0,0,1.0,C_INT8_rep_r1:C_INT8_rep_r2,C04,cond
102400,"[25, 4096]",0.0,0.0,0.0,0.0,0.0,0.0,0.9999999403953552,1.0,0.0,0,0,0,0,0.9999999999999999,1.0,0,0,1.0,C_INT8_rep_r1:C_INT8_rep_r2,C05,cond
81920,"[20, 4096]",0.0,0.0,0.0,0.0,0.0,0.0,1.0,1.0,0.0,0,0,0,0,0.9999999999999998,1.0,0,0,1.0,C_INT8_rep_r1:C_INT8_rep_r2,C06,cond
102400,"[25, 4096]",0.0,0.0,0.0,0.0,0.0,0.0,1.0000001192092896,1.0,0.0,0,0,0,0,0.9999999999999998,1.0,0,0,1.0,C_INT8_rep_r1:C_INT8_rep_r2,C07,cond
266240,"[65, 4096]",0.0,0.0,0.0,0.0,0.0,0.0,1.0,1.0,0.0,0,0,0,0,0.9999999999999998,1.0,0,0,1.0,C_INT8_rep_r1:C_INT8_rep_r2,C08,cond
110592,"[27, 4096]",0.0,0.0,0.0,0.0,0.0,0.0,0.9999999403953552,1.0,0.0,0,0,0,0,0.9999999999999998,1.0,0,0,1.0,C_INT8_rep_r1:C_INT8_rep_r2,C09,cond
139264,"[34, 4096]",0.0,0.0,0.0,0.0,0.0,0.0,1.0,1.0,0.0,0,0,0,0,0.9999999999999998,1.0,0,0,1.0,C_INT8_rep_r1:C_INT8_rep_r2,C10,cond
73728,"[18, 4096]",0.0,0.0,0.0,0.0,0.0,0.0,1.0,1.0,0.0,0,0,0,0,0.9999999999999998,1.0,0,0,1.0,C_W4A8_rep_r0:C_W4A8_rep_r1,C01,cond
114688,"[28, 4096]",0.0,0.0,0.0,0.0,0.0,0.0,0.9999998807907104,1.0,0.0,0,0,0,0,0.9999999999999998,1.0,0,0,1.0,C_W4A8_rep_r0:C_W4A8_rep_r1,C02,cond
110592,"[27, 4096]",0.0,0.0,0.0,0.0,0.0,0.0,1.0,1.0,0.0,0,0,0,0,0.9999999999999998,1.0,0,0,1.0,C_W4A8_rep_r0:C_W4A8_rep_r1,C03,cond
77824,"[19, 4096]",0.0,0.0,0.0,0.0,0.0,0.0,0.9999999403953552,1.0,0.0,0,0,0,0,0.9999999999999999,1.0,0,0,1.0,C_W4A8_rep_r0:C_W4A8_rep_r1,C04,cond
102400,"[25, 4096]",0.0,0.0,0.0,0.0,0.0,0.0,0.9999999403953552,1.0,0.0,0,0,0,0,0.9999999999999998,1.0,0,0,1.0,C_W4A8_rep_r0:C_W4A8_rep_r1,C05,cond
81920,"[20, 4096]",0.0,0.0,0.0,0.0,0.0,0.0,1.0,1.0,0.0,0,0,0,0,0.9999999999999998,1.0,0,0,1.0,C_W4A8_rep_r0:C_W4A8_rep_r1,C06,cond
102400,"[25, 4096]",0.0,0.0,0.0,0.0,0.0,0.0,1.0000001192092896,1.0,0.0,0,0,0,0,0.9999999999999998,1.0,0,0,1.0,C_W4A8_rep_r0:C_W4A8_rep_r1,C07,cond
266240,"[65, 4096]",0.0,0.0,0.0,0.0,0.0,0.0,1.0,1.0,0.0,0,0,0,0,0.9999999999999998,1.0,0,0,1.0,C_W4A8_rep_r0:C_W4A8_rep_r1,C08,cond
110592,"[27, 4096]",0.0,0.0,0.0,0.0,0.0,0.0,1.0,1.0,0.0,0,0,0,0,0.9999999999999998,1.0,0,0,1.0,C_W4A8_rep_r0:C_W4A8_rep_r1,C09,cond
139264,"[34, 4096]",0.0,0.0,0.0,0.0,0.0,0.0,1.0,1.0,0.0,0,0,0,0,0.9999999999999998,1.0,0,0,1.0,C_W4A8_rep_r0:C_W4A8_rep_r1,C10,cond
73728,"[18, 4096]",0.0,0.0,0.0,0.0,0.0,0.0,1.0,1.0,0.0,0,0,0,0,0.9999999999999998,1.0,0,0,1.0,C_W4A8_rep_r1:C_W4A8_rep_r2,C01,cond
114688,"[28, 4096]",0.0,0.0,0.0,0.0,0.0,0.0,0.9999998807907104,1.0,0.0,0,0,0,0,0.9999999999999998,1.0,0,0,1.0,C_W4A8_rep_r1:C_W4A8_rep_r2,C02,cond
110592,"[27, 4096]",0.0,0.0,0.0,0.0,0.0,0.0,1.0,1.0,0.0,0,0,0,0,0.9999999999999998,1.0,0,0,1.0,C_W4A8_rep_r1:C_W4A8_rep_r2,C03,cond
77824,"[19, 4096]",0.0,0.0,0.0,0.0,0.0,0.0,0.9999999403953552,1.0,0.0,0,0,0,0,0.9999999999999999,1.0,0,0,1.0,C_W4A8_rep_r1:C_W4A8_rep_r2,C04,cond
102400,"[25, 4096]",0.0,0.0,0.0,0.0,0.0,0.0,0.9999999403953552,1.0,0.0,0,0,0,0,0.9999999999999998,1.0,0,0,1.0,C_W4A8_rep_r1:C_W4A8_rep_r2,C05,cond
81920,"[20, 4096]",0.0,0.0,0.0,0.0,0.0,0.0,1.0,1.0,0.0,0,0,0,0,0.9999999999999998,1.0,0,0,1.0,C_W4A8_rep_r1:C_W4A8_rep_r2,C06,cond
102400,"[25, 4096]",0.0,0.0,0.0,0.0,0.0,0.0,1.0000001192092896,1.0,0.0,0,0,0,0,0.9999999999999998,1.0,0,0,1.0,C_W4A8_rep_r1:C_W4A8_rep_r2,C07,cond
266240,"[65, 4096]",0.0,0.0,0.0,0.0,0.0,0.0,1.0,1.0,0.0,0,0,0,0,0.9999999999999998,1.0,0,0,1.0,C_W4A8_rep_r1:C_W4A8_rep_r2,C08,cond
110592,"[27, 4096]",0.0,0.0,0.0,0.0,0.0,0.0,1.0,1.0,0.0,0,0,0,0,0.9999999999999998,1.0,0,0,1.0,C_W4A8_rep_r1:C_W4A8_rep_r2,C09,cond
139264,"[34, 4096]",0.0,0.0,0.0,0.0,0.0,0.0,1.0,1.0,0.0,0,0,0,0,0.9999999999999998,1.0,0,0,1.0,C_W4A8_rep_r1:C_W4A8_rep_r2,C10,cond
