arm,format,tensor,shape,orig_shape,shape_equal,rel_l2,cosine,rmse,max_abs_err,mean_abs_err,norm_ratio,nan,inf
C_INT8,int8_convrot,lm_head,"[151936, 4096]","[151936, 4096]",False,0.008827039827966737,0.999961043774706,0.00022040858077799577,0.001708984375,0.00016624851873673496,1.000036337561244,False,False
C_INT8,int8_convrot,model.embed_tokens,"[151936, 4096]","[151936, 4096]",False,0.008819510217501826,0.9999611101779459,0.0001868973466391435,0.0016632080078125,0.00013969719524012294,1.0000358005317067,False,False
C_INT8,int8_convrot,model.layers.0.mlp.down_proj,"[4096, 12288]","[4096, 12288]",False,0.009381744918994508,0.999955994033356,0.00023923684647323567,0.00439453125,0.00018298421313932156,1.0000404956465498,False,False
C_INT8,int8_convrot,model.layers.0.mlp.gate_proj,"[12288, 4096]","[12288, 4096]",False,0.008815322097508647,0.9999611469483558,0.00021725850221282836,0.0029296875,0.00016581918533258074,1.0000340131600873,False,False
C_INT8,int8_convrot,model.layers.0.mlp.up_proj,"[12288, 4096]","[12288, 4096]",False,0.008821641598811185,0.9999610914088821,0.00020485508469009474,0.0013427734375,0.00015679481887620247,1.0000365339742998,False,False
C_INT8,int8_convrot,model.layers.0.self_attn.k_proj,"[1024, 4096]","[1024, 4096]",False,0.008790770688039212,0.9999613635792766,0.00024292733552759837,0.001953125,0.00018440457843737698,1.0000407397990787,False,False
C_INT8,int8_convrot,model.layers.0.self_attn.o_proj,"[4096, 4096]","[4096, 4096]",False,0.009747411511766179,0.9999524966860773,0.0002315331884838897,0.0048828125,0.00017518425325749472,1.000040016426658,False,False
C_INT8,int8_convrot,model.layers.0.self_attn.q_proj,"[4096, 4096]","[4096, 4096]",False,0.00882496082876947,0.9999610620359224,0.00022103088858513916,0.002197265625,0.0001652488737995477,1.0000353680455114,False,False
C_INT8,int8_convrot,model.layers.0.self_attn.v_proj,"[1024, 4096]","[1024, 4096]",False,0.008843671951628074,0.9999608965422373,0.00021581761453613157,0.0013427734375,0.00016494851447977372,1.0000326399768258,False,False
C_INT8,int8_convrot,model.layers.1.mlp.down_proj,"[4096, 12288]","[4096, 12288]",False,0.009458175778118612,0.9999552744078062,0.00015360498034224348,0.0065460205078125,0.0001165877415681262,1.000044162700153,False,False
C_INT8,int8_convrot,model.layers.1.mlp.gate_proj,"[12288, 4096]","[12288, 4096]",False,0.008844468253145292,0.9999608896511285,0.00018394703706809646,0.002101898193359375,0.00011030558553780586,1.0000346841914314,False,False
C_INT8,int8_convrot,model.layers.1.mlp.up_proj,"[12288, 4096]","[12288, 4096]",False,0.008822014529401468,0.9999610881274499,0.0001252165081224308,0.0015869140625,7.140878373592318e-05,1.0000366253535569,False,False
C_INT8,int8_convrot,model.layers.1.self_attn.k_proj,"[1024, 4096]","[1024, 4096]",False,0.008804485734908492,0.9999612426793064,0.0002129153570427259,0.00140380859375,0.000161175634531956,1.0000375956345182,False,False
C_INT8,int8_convrot,model.layers.1.self_attn.o_proj,"[4096, 4096]","[4096, 4096]",False,0.009802724270936288,0.9999519564166522,0.000237733024029571,0.00341796875,0.0001786410413010212,1.0000443925084477,False,False
C_INT8,int8_convrot,model.layers.1.self_attn.q_proj,"[4096, 4096]","[4096, 4096]",False,0.008845470643000867,0.9999608807824857,0.00019582060428708912,0.001953125,0.00014830000140638605,1.0000346782454808,False,False
C_INT8,int8_convrot,model.layers.1.self_attn.v_proj,"[1024, 4096]","[1024, 4096]",False,0.008803457601900556,0.9999612516869307,0.00022677238632812797,0.0014801025390625,0.00017266236500261022,1.0000370211398197,False,False
C_INT8,int8_convrot,model.layers.10.mlp.down_proj,"[4096, 12288]","[4096, 12288]",False,0.009423179956383214,0.9999556044194837,0.00023620511840246762,0.00274658203125,0.0001815663415028441,1.0000400435574317,False,False
C_INT8,int8_convrot,model.layers.10.mlp.gate_proj,"[12288, 4096]","[12288, 4096]",False,0.008827234966976093,0.9999610418650158,0.00025363861035817723,0.00244140625,0.00019225328660803015,1.0000340071435299,False,False
C_INT8,int8_convrot,model.layers.10.mlp.up_proj,"[12288, 4096]","[12288, 4096]",False,0.008838953699397516,0.9999609385675552,0.00022151702664152862,0.00146484375,0.0001696413076538195,1.0000368528249,False,False
C_INT8,int8_convrot,model.layers.10.self_attn.k_proj,"[1024, 4096]","[1024, 4096]",False,0.008828480018754,0.9999610307127382,0.0002263908594016966,0.00146484375,0.00017099813072176838,1.0000317661048428,False,False
C_INT8,int8_convrot,model.layers.10.self_attn.o_proj,"[4096, 4096]","[4096, 4096]",False,0.009955682054150566,0.9999504457467028,0.00025924274835613696,0.00638580322265625,0.00019471639013071587,1.0000481901258673,False,False
C_INT8,int8_convrot,model.layers.10.self_attn.q_proj,"[4096, 4096]","[4096, 4096]",False,0.00882548348594321,0.9999610576609623,0.0002205685212054894,0.001953125,0.00016626929934976083,1.0000384978003078,False,False
C_INT8,int8_convrot,model.layers.10.self_attn.v_proj,"[1024, 4096]","[1024, 4096]",False,0.008812253085221131,0.9999611738678993,0.0002536676048219554,0.001708984375,0.00019268743271544722,1.0000322209169636,False,False
C_INT8,int8_convrot,model.layers.11.mlp.down_proj,"[4096, 12288]","[4096, 12288]",False,0.009416504883667284,0.9999556673995386,0.0002397298267593496,0.00244140625,0.0001840950183108654,1.0000412725117909,False,False
C_INT8,int8_convrot,model.layers.11.mlp.gate_proj,"[12288, 4096]","[12288, 4096]",False,0.008831684262495799,0.9999610027838335,0.0002473184284141679,0.001953125,0.00018808177067419977,1.0000367289902146,False,False
C_INT8,int8_convrot,model.layers.11.mlp.up_proj,"[12288, 4096]","[12288, 4096]",False,0.008838140525353384,0.999960945799572,0.0002259480466610936,0.00146484375,0.00017299000378832733,1.0000374434089319,False,False
C_INT8,int8_convrot,model.layers.11.self_attn.k_proj,"[1024, 4096]","[1024, 4096]",False,0.008810542195180394,0.9999611887975768,0.00022806448590826265,0.0016326904296875,0.0001716732492562192,1.0000301468114499,False,False
C_INT8,int8_convrot,model.layers.11.self_attn.o_proj,"[4096, 4096]","[4096, 4096]",False,0.009502712223454245,0.9999548520352134,0.00024605614669656633,0.0029754638671875,0.00018788481498828425,1.0000423056840106,False,False
C_INT8,int8_convrot,model.layers.11.self_attn.q_proj,"[4096, 4096]","[4096, 4096]",False,0.008842251229262995,0.999960909331821,0.0002216447760855272,0.001953125,0.00016673310958668504,1.000035731138205,False,False
C_INT8,int8_convrot,model.layers.11.self_attn.v_proj,"[1024, 4096]","[1024, 4096]",False,0.008817840303094418,0.9999611251545881,0.0002568920690472793,0.0015869140625,0.00019526518469749777,1.000039406768884,False,False
C_INT8,int8_convrot,model.layers.12.mlp.down_proj,"[4096, 12288]","[4096, 12288]",False,0.009438185603743394,0.9999554628925507,0.00024211113121374277,0.003173828125,0.00018587255682371651,1.0000398172840173,False,False
C_INT8,int8_convrot,model.layers.12.mlp.gate_proj,"[12288, 4096]","[12288, 4096]",False,0.008822297488464803,0.9999610856469916,0.000241911504227685,0.002197265625,0.00018396838313275462,1.000036851352813,False,False
C_INT8,int8_convrot,model.layers.12.mlp.up_proj,"[12288, 4096]","[12288, 4096]",False,0.008818992190667467,0.9999611149108609,0.00022891411286831914,0.00146484375,0.00017518106497631898,1.0000382932000154,False,False
C_INT8,int8_convrot,model.layers.12.self_attn.k_proj,"[1024, 4096]","[1024, 4096]",False,0.008876531854007974,0.9999606060341937,0.0002261947167141808,0.001953125,0.00016911225703410398,1.0000408431751053,False,False
C_INT8,int8_convrot,model.layers.12.self_attn.o_proj,"[4096, 4096]","[4096, 4096]",False,0.010177221123095121,0.9999482160310676,0.00026231529507092293,0.006256103515625,0.00019662329129758863,1.000051042438769,False,False
C_INT8,int8_convrot,model.layers.12.self_attn.q_proj,"[4096, 4096]","[4096, 4096]",False,0.008799368542340263,0.9999612878410402,0.00022041402268110504,0.002197265625,0.00016528747668386693,1.0000391802595658,False,False
C_INT8,int8_convrot,model.layers.12.self_attn.v_proj,"[1024, 4096]","[1024, 4096]",False,0.008851258688668127,0.9999608298184487,0.00025672549647769253,0.00164794921875,0.00019483443561708457,1.0000379760815912,False,False
C_INT8,int8_convrot,model.layers.13.mlp.down_proj,"[4096, 12288]","[4096, 12288]",False,0.009411325746049018,0.9999557162101552,0.0002422234412515985,0.002685546875,0.00018622184941576278,1.0000419319941571,False,False
C_INT8,int8_convrot,model.layers.13.mlp.gate_proj,"[12288, 4096]","[12288, 4096]",False,0.008820827231141965,0.9999610986250155,0.0002346257577151478,0.00201416015625,0.00017833091035375148,1.0000369647648715,False,False
C_INT8,int8_convrot,model.layers.13.mlp.up_proj,"[12288, 4096]","[12288, 4096]",False,0.008821212921893327,0.9999610952908642,0.00023136186164378467,0.001708984375,0.0001768140675391561,1.000037855314964,False,False
C_INT8,int8_convrot,model.layers.13.self_attn.k_proj,"[1024, 4096]","[1024, 4096]",False,0.008860366354548253,0.9999607489225995,0.00022460702897955632,0.001953125,0.00016593125042576543,1.000034760758067,False,False
C_INT8,int8_convrot,model.layers.13.self_attn.o_proj,"[4096, 4096]","[4096, 4096]",False,0.009515498254056384,0.999954730285221,0.00023817053428847499,0.0030517578125,0.0001823975494759791,1.0000403257998818,False,False
C_INT8,int8_convrot,model.layers.13.self_attn.q_proj,"[4096, 4096]","[4096, 4096]",False,0.008837857334366381,0.999960948129466,0.0002220033108390162,0.002685546875,0.00016511731041567515,1.0000351506090326,False,False
C_INT8,int8_convrot,model.layers.13.self_attn.v_proj,"[1024, 4096]","[1024, 4096]",False,0.008794211300542682,0.9999613327640782,0.00025044991764226873,0.0015869140625,0.00019044491907383235,1.0000332749914953,False,False
C_INT8,int8_convrot,model.layers.14.mlp.down_proj,"[4096, 12288]","[4096, 12288]",False,0.00941962927946765,0.9999556379233803,0.00024059593330596913,0.003173828125,0.0001847755399186422,1.0000406677079663,False,False
C_INT8,int8_convrot,model.layers.14.mlp.gate_proj,"[12288, 4096]","[12288, 4096]",False,0.008819240760729166,0.9999611125950012,0.00023116794111474178,0.0020751953125,0.0001755044466295496,1.000036671848214,False,False
C_INT8,int8_convrot,model.layers.14.mlp.up_proj,"[12288, 4096]","[12288, 4096]",False,0.008822021368869731,0.9999610879238339,0.00022901643372935255,0.001953125,0.0001750132634455929,1.0000347242363694,False,False
C_INT8,int8_convrot,model.layers.14.self_attn.k_proj,"[1024, 4096]","[1024, 4096]",False,0.008810541719856102,0.9999611893239875,0.00022481750779275195,0.00164794921875,0.00016897308865079872,1.0000373445364017,False,False
C_INT8,int8_convrot,model.layers.14.self_attn.o_proj,"[4096, 4096]","[4096, 4096]",False,0.009815105483794431,0.9999518351449963,0.00024502757208799935,0.005859375,0.00018507299853366427,1.0000462029443558,False,False
C_INT8,int8_convrot,model.layers.14.self_attn.q_proj,"[4096, 4096]","[4096, 4096]",False,0.008841459882189668,0.9999609163834369,0.00022166876903252948,0.0029296875,0.00016630205380022286,1.000036461228235,False,False
C_INT8,int8_convrot,model.layers.14.self_attn.v_proj,"[1024, 4096]","[1024, 4096]",False,0.008815146542169552,0.9999611489599868,0.00024438594957371915,0.00146484375,0.0001866649662096969,1.0000401293690988,False,False
C_INT8,int8_convrot,model.layers.15.mlp.down_proj,"[4096, 12288]","[4096, 12288]",False,0.009416558854036104,0.9999556668052547,0.00023954670790686836,0.0032501220703125,0.000183965452485744,1.0000402607457757,False,False
C_INT8,int8_convrot,model.layers.15.mlp.gate_proj,"[12288, 4096]","[12288, 4096]",False,0.008826311933003967,0.9999610501851445,0.00022334317701315815,0.00225830078125,0.00016948668217450522,1.0000363446483307,False,False
C_INT8,int8_convrot,model.layers.15.mlp.up_proj,"[12288, 4096]","[12288, 4096]",False,0.008820753700402886,0.9999610992720296,0.00022684703533749166,0.0015869140625,0.00017333564228990482,1.0000369456733347,False,False
C_INT8,int8_convrot,model.layers.15.self_attn.k_proj,"[1024, 4096]","[1024, 4096]",False,0.00886931268998275,0.9999606695846515,0.00022484322810212986,0.001953125,0.0001662667287716628,1.0000343157087228,False,False
C_INT8,int8_convrot,model.layers.15.self_attn.o_proj,"[4096, 4096]","[4096, 4096]",False,0.00927702262398203,0.9999569708479146,0.00022494050394451003,0.002288818359375,0.00017097954869748993,1.0000387993068556,False,False
C_INT8,int8_convrot,model.layers.15.self_attn.q_proj,"[4096, 4096]","[4096, 4096]",False,0.00880251922566368,0.9999612600297061,0.00022195617173816532,0.0029296875,0.00016366191810454232,1.000038102014191,False,False
C_INT8,int8_convrot,model.layers.15.self_attn.v_proj,"[1024, 4096]","[1024, 4096]",False,0.008800237341788014,0.9999612801763447,0.00024061432382306897,0.001373291015625,0.0001841037753939241,1.0000389277932165,False,False
C_INT8,int8_convrot,model.layers.16.mlp.down_proj,"[4096, 12288]","[4096, 12288]",False,0.009445773707258886,0.9999553915595636,0.00023809009767771812,0.00341796875,0.00018259448255476723,1.0000434228737147,False,False
C_INT8,int8_convrot,model.layers.16.mlp.gate_proj,"[12288, 4096]","[12288, 4096]",False,0.008831978579092344,0.9999610001431583,0.00022757715946339702,0.003173828125,0.00017221737984384486,1.00003618260078,False,False
C_INT8,int8_convrot,model.layers.16.mlp.up_proj,"[12288, 4096]","[12288, 4096]",False,0.008830925303998201,0.9999610093950964,0.00022699507439341885,0.0048828125,0.000173274416178631,1.0000355191150885,False,False
C_INT8,int8_convrot,model.layers.16.self_attn.k_proj,"[1024, 4096]","[1024, 4096]",False,0.008877594187570252,0.999960596330437,0.00021760319895578365,0.00201416015625,0.00016159461406387281,1.000037356076289,False,False
C_INT8,int8_convrot,model.layers.16.self_attn.o_proj,"[4096, 4096]","[4096, 4096]",False,0.00958559401785737,0.9999540613237947,0.0002378979121929202,0.0068511962890625,0.000179810653889362,1.0000455512133195,False,False
C_INT8,int8_convrot,model.layers.16.self_attn.q_proj,"[4096, 4096]","[4096, 4096]",False,0.008815693852625497,0.9999611442551137,0.0002148444689218768,0.002685546875,0.00015921848028495442,1.0000416295540155,False,False
C_INT8,int8_convrot,model.layers.16.self_attn.v_proj,"[1024, 4096]","[1024, 4096]",False,0.00887497535700775,0.9999606193266972,0.00024210241465966674,0.0015106190694496036,0.0001836530607776058,1.0000340480564283,False,False
C_INT8,int8_convrot,model.layers.17.mlp.down_proj,"[4096, 12288]","[4096, 12288]",False,0.009404340789236009,0.9999557817327582,0.0002382126320698272,0.003173828125,0.00018279966399871244,1.0000397221746318,False,False
C_INT8,int8_convrot,model.layers.17.mlp.gate_proj,"[12288, 4096]","[12288, 4096]",False,0.008826023780159167,0.9999610528195877,0.00022483749019854137,0.00244140625,0.00017025688238632238,1.0000375470525957,False,False
C_INT8,int8_convrot,model.layers.17.mlp.up_proj,"[12288, 4096]","[12288, 4096]",False,0.00883209988234087,0.9999609990591979,0.00022835023183223401,0.0015869140625,0.00017449748298662915,1.0000360142198967,False,False
C_INT8,int8_convrot,model.layers.17.self_attn.k_proj,"[1024, 4096]","[1024, 4096]",False,0.008841819555980662,0.9999609124362451,0.00021238287105566147,0.00146484375,0.00015730156666996084,1.000025514053828,False,False
C_INT8,int8_convrot,model.layers.17.self_attn.o_proj,"[4096, 4096]","[4096, 4096]",False,0.009774135430877804,0.9999522360906302,0.0002411935009139422,0.005126953125,0.00018219259780850026,1.0000427118032118,False,False
C_INT8,int8_convrot,model.layers.17.self_attn.q_proj,"[4096, 4096]","[4096, 4096]",False,0.008819822253181604,0.9999611070934693,0.00021853395424494817,0.00250244140625,0.00016059950828166457,1.0000315624968779,False,False
C_INT8,int8_convrot,model.layers.17.self_attn.v_proj,"[1024, 4096]","[1024, 4096]",False,0.008832941751994441,0.9999609916518566,0.0002358231203526046,0.00146484375,0.000180191463993464,1.0000363927398763,False,False
C_INT8,int8_convrot,model.layers.18.mlp.down_proj,"[4096, 12288]","[4096, 12288]",False,0.00942027522402637,0.999955631921617,0.0002385091424691166,0.0028533935546875,0.00018310063282074072,1.0000416354078487,False,False
C_INT8,int8_convrot,model.layers.18.mlp.gate_proj,"[12288, 4096]","[12288, 4096]",False,0.008820278374343888,0.9999611033951431,0.00022309675429449424,0.00244140625,0.00016912924092604177,1.0000360258784338,False,False
C_INT8,int8_convrot,model.layers.18.mlp.up_proj,"[12288, 4096]","[12288, 4096]",False,0.008826162219142323,0.9999610515051826,0.00022822816273197478,0.001953125,0.00017444827129951183,1.0000363266088803,False,False
C_INT8,int8_convrot,model.layers.18.self_attn.k_proj,"[1024, 4096]","[1024, 4096]",False,0.008800862800727604,0.99996127365868,0.00021453129191535713,0.00146484375,0.0001595072732002087,1.0000245437427282,False,False
C_INT8,int8_convrot,model.layers.18.self_attn.o_proj,"[4096, 4096]","[4096, 4096]",False,0.009623484827567124,0.9999536974890795,0.00023774481053634555,0.00390625,0.0001795614257010422,1.0000463369975108,False,False
C_INT8,int8_convrot,model.layers.18.self_attn.q_proj,"[4096, 4096]","[4096, 4096]",False,0.008827368571941581,0.9999610406011491,0.00021543180939137034,0.0029296875,0.00015998759563854532,1.000032844719972,False,False
C_INT8,int8_convrot,model.layers.18.self_attn.v_proj,"[1024, 4096]","[1024, 4096]",False,0.0088155521825308,0.9999611451223034,0.00024063968392651813,0.00146484375,0.0001835871679226218,1.000036739802904,False,False
C_INT8,int8_convrot,model.layers.19.mlp.down_proj,"[4096, 12288]","[4096, 12288]",False,0.009423019796605984,0.9999556060540085,0.00023885378531425736,0.0030517578125,0.00018373503663748816,1.0000415157789126,False,False
C_INT8,int8_convrot,model.layers.19.mlp.gate_proj,"[12288, 4096]","[12288, 4096]",False,0.008828949043115606,0.9999610267791698,0.00022251951098516397,0.0023193359375,0.00016851358737293349,1.0000346337104016,False,False
C_INT8,int8_convrot,model.layers.19.mlp.up_proj,"[12288, 4096]","[12288, 4096]",False,0.008826940762596788,0.9999610444663906,0.00022965007908760517,0.00146484375,0.0001754053185755257,1.0000340716195337,False,False
C_INT8,int8_convrot,model.layers.19.self_attn.k_proj,"[1024, 4096]","[1024, 4096]",False,0.00885752532654911,0.9999607739519689,0.00020917702977594615,0.001953125,0.00015514404588837065,1.0000328677327501,False,False
C_INT8,int8_convrot,model.layers.19.self_attn.o_proj,"[4096, 4096]","[4096, 4096]",False,0.010333892059839169,0.9999466095158307,0.0002572888353746782,0.00331878662109375,0.0001929032959421548,1.000052473033744,False,False
C_INT8,int8_convrot,model.layers.19.self_attn.q_proj,"[4096, 4096]","[4096, 4096]",False,0.00882677195639843,0.9999610459761865,0.00021708180621631638,0.002685546875,0.0001593578367072232,1.0000343449419469,False,False
C_INT8,int8_convrot,model.layers.19.self_attn.v_proj,"[1024, 4096]","[1024, 4096]",False,0.008835809990463349,0.9999609663005444,0.00023670459281160115,0.00146484375,0.00018017079052043677,1.000036218344626,False,False
C_INT8,int8_convrot,model.layers.2.mlp.down_proj,"[4096, 12288]","[4096, 12288]",False,0.009502191858163504,0.9999548568316996,0.0001510927412496314,0.00390625,0.00011552271558038544,1.0000405688785652,False,False
C_INT8,int8_convrot,model.layers.2.mlp.gate_proj,"[12288, 4096]","[12288, 4096]",False,0.008813192230920572,0.9999611659554112,0.00015294337874826227,0.00146484375,8.564709588604215e-05,1.0000370876195175,False,False
C_INT8,int8_convrot,model.layers.2.mlp.up_proj,"[12288, 4096]","[12288, 4096]",False,0.008823568886930122,0.9999610745604429,0.00013730211064572222,0.001708984375,7.364327204984368e-05,1.0000385181915188,False,False
C_INT8,int8_convrot,model.layers.2.self_attn.k_proj,"[1024, 4096]","[1024, 4096]",False,0.008793106772246708,0.9999613428553835,0.00022322702733471532,0.001953125,0.00016859797244886746,1.0000383611644559,False,False
C_INT8,int8_convrot,model.layers.2.self_attn.o_proj,"[4096, 4096]","[4096, 4096]",False,0.009208611884007081,0.9999576030450563,0.0002269738567329741,0.00244140625,0.0001730927482787969,1.000037729471386,False,False
C_INT8,int8_convrot,model.layers.2.self_attn.q_proj,"[4096, 4096]","[4096, 4096]",False,0.008814136957492226,0.9999611576334659,0.00021146868445746933,0.00244140625,0.00015989082456503072,1.0000372216761877,False,False
C_INT8,int8_convrot,model.layers.2.self_attn.v_proj,"[1024, 4096]","[1024, 4096]",False,0.008789493978918763,0.9999613742940147,0.0002333669536441918,0.00146484375,0.00017820756724330668,1.0000340678225865,False,False
C_INT8,int8_convrot,model.layers.20.mlp.down_proj,"[4096, 12288]","[4096, 12288]",False,0.009435156494761524,0.9999554916843071,0.00024084106831770213,0.00238037109375,0.00018514356820849772,1.0000422514405907,False,False
C_INT8,int8_convrot,model.layers.20.mlp.gate_proj,"[12288, 4096]","[12288, 4096]",False,0.00881838037399136,0.9999611203305341,0.00022010214401868805,0.00250244140625,0.00016693852655327922,1.0000386099598089,False,False
C_INT8,int8_convrot,model.layers.20.mlp.up_proj,"[12288, 4096]","[12288, 4096]",False,0.00882026570827259,0.9999611034385492,0.00022988029573081228,0.001495361328125,0.00017556573186828733,1.0000351076891552,False,False
C_INT8,int8_convrot,model.layers.20.self_attn.k_proj,"[1024, 4096]","[1024, 4096]",False,0.008823479895024444,0.9999610752980126,0.00020762206457695695,0.0015869140625,0.0001518835317594132,1.0000379426677162,False,False
C_INT8,int8_convrot,model.layers.20.self_attn.o_proj,"[4096, 4096]","[4096, 4096]",False,0.009628770000708263,0.9999536465646224,0.0002350677910896014,0.004638671875,0.00017927752412283393,1.0000457844831727,False,False
C_INT8,int8_convrot,model.layers.20.self_attn.q_proj,"[4096, 4096]","[4096, 4096]",False,0.008798519432622737,0.9999612949533986,0.00022305179567704917,0.002777099609375,0.0001624724507928114,1.0000344304460056,False,False
C_INT8,int8_convrot,model.layers.20.self_attn.v_proj,"[1024, 4096]","[1024, 4096]",False,0.008823644931608404,0.9999610738915055,0.00023682876629186405,0.00128173828125,0.00018133861308415253,1.0000385858304714,False,False
C_INT8,int8_convrot,model.layers.21.mlp.down_proj,"[4096, 12288]","[4096, 12288]",False,0.00942192310039528,0.9999556164877156,0.00024238427228866793,0.001953125,0.00018649588076534606,1.0000426780789793,False,False
C_INT8,int8_convrot,model.layers.21.mlp.gate_proj,"[12288, 4096]","[12288, 4096]",False,0.008823795726886576,0.9999610723155379,0.0002172123605868508,0.002197265625,0.0001648161875566612,1.0000353486306186,False,False
C_INT8,int8_convrot,model.layers.21.mlp.up_proj,"[12288, 4096]","[12288, 4096]",False,0.008818539783539421,0.999961118672033,0.00022944105048658848,0.00177001953125,0.00017513124084197272,1.00003527498466,False,False
C_INT8,int8_convrot,model.layers.21.self_attn.k_proj,"[1024, 4096]","[1024, 4096]",False,0.008828183434958104,0.999961033287462,0.00020778242164370346,0.00177001953125,0.00015514169121485762,1.0000311479900938,False,False
C_INT8,int8_convrot,model.layers.21.self_attn.o_proj,"[4096, 4096]","[4096, 4096]",False,0.009855403518006994,0.999951438596386,0.000237836237815604,0.0029449462890625,0.00018196813721546362,1.0000437926854462,False,False
C_INT8,int8_convrot,model.layers.21.self_attn.q_proj,"[4096, 4096]","[4096, 4096]",False,0.008812846036221041,0.9999611687818237,0.0002207926766518748,0.0029296875,0.00016155337389610726,1.0000341518992546,False,False
C_INT8,int8_convrot,model.layers.21.self_attn.v_proj,"[1024, 4096]","[1024, 4096]",False,0.0088078102833355,0.999961213388491,0.00023405158615977183,0.00146484375,0.0001782551512667799,1.0000373930462583,False,False
C_INT8,int8_convrot,model.layers.22.mlp.down_proj,"[4096, 12288]","[4096, 12288]",False,0.00943394599114503,0.9999555030834666,0.0002442177070613385,0.0025634765625,0.00018800830316206287,1.0000420093515447,False,False
C_INT8,int8_convrot,model.layers.22.mlp.gate_proj,"[12288, 4096]","[12288, 4096]",False,0.008819578965519827,0.9999611097615119,0.00022193463586464153,0.0020751953125,0.00016806330021388842,1.000038621865271,False,False
C_INT8,int8_convrot,model.layers.22.mlp.up_proj,"[12288, 4096]","[12288, 4096]",False,0.00883330728848963,0.9999609883784079,0.00023376882049088647,0.001556396484375,0.0001782787262805272,1.0000357928129826,False,False
C_INT8,int8_convrot,model.layers.22.self_attn.k_proj,"[1024, 4096]","[1024, 4096]",False,0.008812180563618656,0.9999611748389838,0.0002008119635353957,0.002197265625,0.00014755056232438647,1.0000367501625986,False,False
C_INT8,int8_convrot,model.layers.22.self_attn.o_proj,"[4096, 4096]","[4096, 4096]",False,0.010005117230705733,0.999949951786818,0.00024628153576569374,0.00537109375,0.000186376833082227,1.00004187045322,False,False
C_INT8,int8_convrot,model.layers.22.self_attn.q_proj,"[4096, 4096]","[4096, 4096]",False,0.008842005107206133,0.9999609115989834,0.00021778842412130116,0.0029296875,0.00015911479414913992,1.0000369376621159,False,False
C_INT8,int8_convrot,model.layers.22.self_attn.v_proj,"[1024, 4096]","[1024, 4096]",False,0.00878511822006926,0.9999614126563038,0.00023374145016189928,0.00146484375,0.0001782176056093843,1.000032852901733,False,False
C_INT8,int8_convrot,model.layers.23.mlp.down_proj,"[4096, 12288]","[4096, 12288]",False,0.009426638321164273,0.9999555718551694,0.00024631243629705816,0.0023193359375,0.00018946679380701364,1.0000403871875467,False,False
C_INT8,int8_convrot,model.layers.23.mlp.gate_proj,"[12288, 4096]","[12288, 4096]",False,0.008821485841714272,0.999961092653032,0.0002265183167295941,0.001953125,0.0001716672142810339,1.0000347934875138,False,False
C_INT8,int8_convrot,model.layers.23.mlp.up_proj,"[12288, 4096]","[12288, 4096]",False,0.008828554981587078,0.9999610303131021,0.00023437289879173388,0.0015869140625,0.00017888547825714511,1.0000353755935507,False,False
C_INT8,int8_convrot,model.layers.23.self_attn.k_proj,"[1024, 4096]","[1024, 4096]",False,0.008815943446063287,0.9999611417947175,0.0002091680081570975,0.0015869140625,0.00015715547120335495,1.0000383312770955,False,False
C_INT8,int8_convrot,model.layers.23.self_attn.o_proj,"[4096, 4096]","[4096, 4096]",False,0.01026706955551392,0.9999472976216502,0.0002612117948970565,0.00341796875,0.0001962228774150702,1.0000509213447648,False,False
C_INT8,int8_convrot,model.layers.23.self_attn.q_proj,"[4096, 4096]","[4096, 4096]",False,0.008820596440427564,0.9999611007046084,0.00022824188484577506,0.0029296875,0.00016799464942810144,1.0000375446616236,False,False
C_INT8,int8_convrot,model.layers.23.self_attn.v_proj,"[1024, 4096]","[1024, 4096]",False,0.008810041110358154,0.9999611937228438,0.00023784337246290455,0.00146484375,0.00018117809237415752,1.0000371934257326,False,False
C_INT8,int8_convrot,model.layers.24.mlp.down_proj,"[4096, 12288]","[4096, 12288]",False,0.009412088658986373,0.9999557092784654,0.00024817071273942665,0.0029296875,0.00019074016294338145,1.000044764726676,False,False
C_INT8,int8_convrot,model.layers.24.mlp.gate_proj,"[12288, 4096]","[12288, 4096]",False,0.00881903057563745,0.9999611144179117,0.00022962096183452832,0.001953125,0.00017460522474734038,1.0000362652305614,False,False
C_INT8,int8_convrot,model.layers.24.mlp.up_proj,"[12288, 4096]","[12288, 4096]",False,0.008823197280982055,0.9999610775921008,0.00023468687181149318,0.0015106201171875,0.00017933998304227607,1.000035298493873,False,False
C_INT8,int8_convrot,model.layers.24.self_attn.k_proj,"[1024, 4096]","[1024, 4096]",False,0.00879852869239385,0.9999612953382762,0.00020807068498622533,0.001708984375,0.00015474103584897213,1.00004055271986,False,False
C_INT8,int8_convrot,model.layers.24.self_attn.o_proj,"[4096, 4096]","[4096, 4096]",False,0.01025873928210423,0.9999473829504795,0.00026347342377786573,0.00390625,0.00019569192827797012,1.0000493679307885,False,False
C_INT8,int8_convrot,model.layers.24.self_attn.q_proj,"[4096, 4096]","[4096, 4096]",False,0.00883812650356761,0.9999609455112183,0.00023044737921372983,0.00341796875,0.00016919460917393754,1.0000318504149424,False,False
C_INT8,int8_convrot,model.layers.24.self_attn.v_proj,"[1024, 4096]","[1024, 4096]",False,0.008833641318393542,0.9999609858621472,0.0002338779462292624,0.00146484375,0.0001783045500165798,1.0000413930543026,False,False
C_INT8,int8_convrot,model.layers.25.mlp.down_proj,"[4096, 12288]","[4096, 12288]",False,0.009409741429224882,0.9999557309864926,0.00024931468947110563,0.001972198486328125,0.00019166143476382854,1.0000403821177817,False,False
C_INT8,int8_convrot,model.layers.25.mlp.gate_proj,"[12288, 4096]","[12288, 4096]",False,0.00883541976870277,0.999960969944751,0.00023249371876726764,0.00244140625,0.0001769166326005025,1.0000387819112009,False,False
C_INT8,int8_convrot,model.layers.25.mlp.up_proj,"[12288, 4096]","[12288, 4096]",False,0.008821898835054569,0.9999610891705598,0.00023546716270719776,0.0015869140625,0.00018005026315139183,1.0000369411629695,False,False
C_INT8,int8_convrot,model.layers.25.self_attn.k_proj,"[1024, 4096]","[1024, 4096]",False,0.008788732910982693,0.9999613809212498,0.0002119559085252056,0.00147247314453125,0.00015965248765810978,1.0000332146681243,False,False
C_INT8,int8_convrot,model.layers.25.self_attn.o_proj,"[4096, 4096]","[4096, 4096]",False,0.009425476297867887,0.9999555830832412,0.00023791919714640452,0.00244140625,0.00018227327955280077,1.000043574907356,False,False
C_INT8,int8_convrot,model.layers.25.self_attn.q_proj,"[4096, 4096]","[4096, 4096]",False,0.008826937568976522,0.9999610448058471,0.00021798075667033476,0.002685546875,0.00016268433536664772,1.0000382187054104,False,False
C_INT8,int8_convrot,model.layers.25.self_attn.v_proj,"[1024, 4096]","[1024, 4096]",False,0.008809388842328042,0.9999611993597148,0.00024362681780668114,0.0015869140625,0.00018574510419401384,1.000035742402197,False,False
C_INT8,int8_convrot,model.layers.26.mlp.down_proj,"[4096, 12288]","[4096, 12288]",False,0.009417418471304636,0.9999556588826743,0.0002520860857032926,0.001953125,0.00019344879388931264,1.0000422695900986,False,False
C_INT8,int8_convrot,model.layers.26.mlp.gate_proj,"[12288, 4096]","[12288, 4096]",False,0.008829427158342326,0.9999610227034318,0.00023349229695592526,0.001953125,0.00017793714592893045,1.0000365831087359,False,False
C_INT8,int8_convrot,model.layers.26.mlp.up_proj,"[12288, 4096]","[12288, 4096]",False,0.008822866417779874,0.999961080561233,0.00023785690946460345,0.001708984375,0.00018192722047319072,1.000035969018091,False,False
C_INT8,int8_convrot,model.layers.26.self_attn.k_proj,"[1024, 4096]","[1024, 4096]",False,0.008831183910138424,0.9999610066926314,0.00020922012902468049,0.0013427734375,0.00015713645962313425,1.0000296724095017,False,False
C_INT8,int8_convrot,model.layers.26.self_attn.o_proj,"[4096, 4096]","[4096, 4096]",False,0.009495833996646266,0.9999549176188891,0.00024285489715901283,0.003662109375,0.0001857917881818523,1.000045102212772,False,False
C_INT8,int8_convrot,model.layers.26.self_attn.q_proj,"[4096, 4096]","[4096, 4096]",False,0.008843661271354575,0.9999608971077609,0.00022028402382071394,0.00244140625,0.00016314726835584068,1.000038929200082,False,False
C_INT8,int8_convrot,model.layers.26.self_attn.v_proj,"[1024, 4096]","[1024, 4096]",False,0.008804030836029798,0.9999612467602692,0.00024073709907774854,0.0013427734375,0.00018371033236643224,1.0000385855034521,False,False
C_INT8,int8_convrot,model.layers.27.mlp.down_proj,"[4096, 12288]","[4096, 12288]",False,0.009423135083102724,0.999955604881272,0.0002544362706870938,0.001953125,0.00019518075057251417,1.0000405016993001,False,False
C_INT8,int8_convrot,model.layers.27.mlp.gate_proj,"[12288, 4096]","[12288, 4096]",False,0.00883013785294689,0.9999610165893591,0.0002333633630214483,0.001708984375,0.00017793308820216228,1.00003868424777,False,False
C_INT8,int8_convrot,model.layers.27.mlp.up_proj,"[12288, 4096]","[12288, 4096]",False,0.008811672749376708,0.9999611791805714,0.00023981461750815686,0.001953125,0.0001833864079730656,1.0000349631368375,False,False
C_INT8,int8_convrot,model.layers.27.self_attn.k_proj,"[1024, 4096]","[1024, 4096]",False,0.00883205614941032,0.9999609991282885,0.00020364627268816237,0.0015411376953125,0.0001519296053068015,1.0000316634940158,False,False
C_INT8,int8_convrot,model.layers.27.self_attn.o_proj,"[4096, 4096]","[4096, 4096]",False,0.00943403017755445,0.9999555023334957,0.00023700858403050463,0.00244140625,0.00018097219024327247,1.000042520781236,False,False
C_INT8,int8_convrot,model.layers.27.self_attn.q_proj,"[4096, 4096]","[4096, 4096]",False,0.008823306851426968,0.9999610763474769,0.0002189828601179236,0.00244140625,0.00016275027771010667,1.0000314578557328,False,False
C_INT8,int8_convrot,model.layers.27.self_attn.v_proj,"[1024, 4096]","[1024, 4096]",False,0.008818174019160189,0.9999611221317765,0.00023732722653127967,0.0013427734375,0.00018114577286993706,1.0000383752557849,False,False
C_INT8,int8_convrot,model.layers.28.mlp.down_proj,"[4096, 12288]","[4096, 12288]",False,0.009430008012359659,0.9999555403073834,0.00025711664848777834,0.002197265625,0.00019711773093619833,1.000042957100927,False,False
C_INT8,int8_convrot,model.layers.28.mlp.gate_proj,"[12288, 4096]","[12288, 4096]",False,0.008815298354850724,0.9999611472208149,0.00023167958717671216,0.001953125,0.0001766056444890327,1.000034874031354,False,False
C_INT8,int8_convrot,model.layers.28.mlp.up_proj,"[12288, 4096]","[12288, 4096]",False,0.008821610421321083,0.999961091670748,0.00024237305478600637,0.001708984375,0.00018531082663643676,1.0000363577387852,False,False
C_INT8,int8_convrot,model.layers.28.self_attn.k_proj,"[1024, 4096]","[1024, 4096]",False,0.008800771365369607,0.9999612757996534,0.0002076931164985277,0.00146484375,0.00015576412667298294,1.000042979391381,False,False
C_INT8,int8_convrot,model.layers.28.self_attn.o_proj,"[4096, 4096]","[4096, 4096]",False,0.009700313633569532,0.9999529548867216,0.0002427924334251776,0.003753662109375,0.00018338026810119003,1.0000427939491758,False,False
C_INT8,int8_convrot,model.layers.28.self_attn.q_proj,"[4096, 4096]","[4096, 4096]",False,0.008812197115112821,0.9999611749941915,0.00022367544759927823,0.00244140625,0.00016602166916788427,1.0000406327366238,False,False
C_INT8,int8_convrot,model.layers.28.self_attn.v_proj,"[1024, 4096]","[1024, 4096]",False,0.008851593690033228,0.9999608267004139,0.00024826925703824097,0.00146484375,0.00018937442525446355,1.0000359678470445,False,False
C_INT8,int8_convrot,model.layers.29.mlp.down_proj,"[4096, 12288]","[4096, 12288]",False,0.009425508145834226,0.9999555825280948,0.0002599396673187879,0.0023193359375,0.00019866979859313767,1.0000406238927544,False,False
C_INT8,int8_convrot,model.layers.29.mlp.gate_proj,"[12288, 4096]","[12288, 4096]",False,0.008819405771669576,0.999961111117193,0.00023170140612582805,0.001708984375,0.00017692368970210416,1.0000363725836263,False,False
C_INT8,int8_convrot,model.layers.29.mlp.up_proj,"[12288, 4096]","[12288, 4096]",False,0.008824189395819328,0.9999610688723521,0.0002449518204876505,0.00152587890625,0.00018729893721816768,1.0000357548242214,False,False
C_INT8,int8_convrot,model.layers.29.self_attn.k_proj,"[1024, 4096]","[1024, 4096]",False,0.008851576041472542,0.9999608265206137,0.0002044070094335229,0.00146484375,0.0001521825267890727,1.000031354489929,False,False
C_INT8,int8_convrot,model.layers.29.self_attn.o_proj,"[4096, 4096]","[4096, 4096]",False,0.009200373228077562,0.9999576787642037,0.00023671784078001755,0.00274658203125,0.00018143334419597505,1.0000363349979438,False,False
C_INT8,int8_convrot,model.layers.29.self_attn.q_proj,"[4096, 4096]","[4096, 4096]",False,0.008846090140713353,0.9999608752865623,0.00022929011923870178,0.00244140625,0.00016926030787628324,1.0000344580314533,False,False
C_INT8,int8_convrot,model.layers.29.self_attn.v_proj,"[1024, 4096]","[1024, 4096]",False,0.008849490068226117,0.9999608451659184,0.00023722942680659957,0.0015716552734375,0.00017938350057212105,1.000033916235072,False,False
C_INT8,int8_convrot,model.layers.3.mlp.down_proj,"[4096, 12288]","[4096, 12288]",False,0.009461796233859988,0.9999552397832971,0.00017458936862418283,0.0025634765625,0.00013432097209923488,1.0000398248689988,False,False
C_INT8,int8_convrot,model.layers.3.mlp.gate_proj,"[12288, 4096]","[12288, 4096]",False,0.00881210259769743,0.9999611754943303,0.0002043229320070189,0.001953125,0.00012765705437085438,1.0000362987150488,False,False
C_INT8,int8_convrot,model.layers.3.mlp.up_proj,"[12288, 4096]","[12288, 4096]",False,0.008835655038564988,0.9999609677110619,0.00014998440432660766,0.0020751953125,9.324756116449262e-05,1.0000367460431572,False,False
C_INT8,int8_convrot,model.layers.3.self_attn.k_proj,"[1024, 4096]","[1024, 4096]",False,0.008785046876977428,0.9999614137546546,0.00021755516289144027,0.0018310546875,0.00016343392955110118,1.0000391750343345,False,False
C_INT8,int8_convrot,model.layers.3.self_attn.o_proj,"[4096, 4096]","[4096, 4096]",False,0.00971547882116115,0.9999528073142616,0.00024233234995656695,0.004638671875,0.00018241349547150863,1.0000387385753768,False,False
C_INT8,int8_convrot,model.layers.3.self_attn.q_proj,"[4096, 4096]","[4096, 4096]",False,0.008803720515082413,0.9999612491371987,0.00020942634728699923,0.001953125,0.0001582276211350332,1.0000338491788747,False,False
C_INT8,int8_convrot,model.layers.3.self_attn.v_proj,"[1024, 4096]","[1024, 4096]",False,0.008827515441312926,0.999961038798499,0.00023813773077693205,0.00146484375,0.00018109704872331343,1.0000254112604507,False,False
C_INT8,int8_convrot,model.layers.30.mlp.down_proj,"[4096, 12288]","[4096, 12288]",False,0.009418617054179434,0.9999556473438576,0.0002621171933601082,0.002197265625,0.0002001893540327101,1.0000393203283617,False,False
C_INT8,int8_convrot,model.layers.30.mlp.gate_proj,"[12288, 4096]","[12288, 4096]",False,0.008827717925072668,0.9999610377464526,0.0002307248694711789,0.001953125,0.00017614415196018674,1.0000359653333635,False,False
C_INT8,int8_convrot,model.layers.30.mlp.up_proj,"[12288, 4096]","[12288, 4096]",False,0.008817884833251709,0.999961124530274,0.00024678824995525046,0.001483917236328125,0.00018869506520711814,1.0000363835484969,False,False
C_INT8,int8_convrot,model.layers.30.self_attn.k_proj,"[1024, 4096]","[1024, 4096]",False,0.008803734349226364,0.9999612492733132,0.00021075758104113142,0.00146484375,0.00015832497951298575,1.0000373197618913,False,False
C_INT8,int8_convrot,model.layers.30.self_attn.o_proj,"[4096, 4096]","[4096, 4096]",False,0.009500712938998944,0.9999548711977588,0.00024330400852652382,0.00390625,0.00018543274271811403,1.0000441922523153,False,False
C_INT8,int8_convrot,model.layers.30.self_attn.q_proj,"[4096, 4096]","[4096, 4096]",False,0.008822893381863898,0.9999610803822443,0.0002153643721553254,0.00250244140625,0.00016118311076233959,1.0000367550173872,False,False
C_INT8,int8_convrot,model.layers.30.self_attn.v_proj,"[1024, 4096]","[1024, 4096]",False,0.008807373378351814,0.9999612171047744,0.00025142749742128453,0.00164794921875,0.00019156031616337013,1.0000356446156673,False,False
C_INT8,int8_convrot,model.layers.31.mlp.down_proj,"[4096, 12288]","[4096, 12288]",False,0.00941209570888981,0.9999557087757036,0.00026511159715285977,0.0023193359375,0.0002022170022027929,1.000039719205401,False,False
C_INT8,int8_convrot,model.layers.31.mlp.gate_proj,"[12288, 4096]","[12288, 4096]",False,0.008834583614302026,0.9999609772542515,0.00022896132263231075,0.001953125,0.00017490874177956503,1.0000377782424934,False,False
C_INT8,int8_convrot,model.layers.31.mlp.up_proj,"[12288, 4096]","[12288, 4096]",False,0.00882771165106587,0.9999610379234192,0.0002491211217526137,0.001708984375,0.00019048396179212738,1.0000375689786114,False,False
C_INT8,int8_convrot,model.layers.31.self_attn.k_proj,"[1024, 4096]","[1024, 4096]",False,0.00886755767541711,0.9999606852049804,0.00020546458457787765,0.001708984375,0.00015321336806108045,1.0000350808617542,False,False
C_INT8,int8_convrot,model.layers.31.self_attn.o_proj,"[4096, 4096]","[4096, 4096]",False,0.009170550355581055,0.9999579533877943,0.0002405048534876985,0.00244140625,0.0001839950088402539,1.0000447698873594,False,False
C_INT8,int8_convrot,model.layers.31.self_attn.q_proj,"[4096, 4096]","[4096, 4096]",False,0.008810008957468134,0.9999611937878372,0.00021660035977531472,0.002197265625,0.00016148770442401443,1.0000342635416357,False,False
C_INT8,int8_convrot,model.layers.31.self_attn.v_proj,"[1024, 4096]","[1024, 4096]",False,0.00882726083168501,0.9999610417355806,0.0002581680263878335,0.00146484375,0.0001967483597286046,1.0000353563433515,False,False
C_INT8,int8_convrot,model.layers.32.mlp.down_proj,"[4096, 12288]","[4096, 12288]",False,0.009413978516680827,0.9999556912258779,0.0002656464402047592,0.002197265625,0.00020278501811957133,1.0000417468508858,False,False
C_INT8,int8_convrot,model.layers.32.mlp.gate_proj,"[12288, 4096]","[12288, 4096]",False,0.008815310314627735,0.9999611471629177,0.00022613803310025032,0.001953125,0.00017275801967844037,1.000035516963297,False,False
C_INT8,int8_convrot,model.layers.32.mlp.up_proj,"[12288, 4096]","[12288, 4096]",False,0.008825058456555101,0.9999610612162573,0.0002502313473945053,0.001953125,0.00019135273630147955,1.000035925206091,False,False
C_INT8,int8_convrot,model.layers.32.self_attn.k_proj,"[1024, 4096]","[1024, 4096]",False,0.008833932655166738,0.9999609828044981,0.00020588762859974024,0.001495361328125,0.00015352504488105097,1.0000351277902992,False,False
C_INT8,int8_convrot,model.layers.32.self_attn.o_proj,"[4096, 4096]","[4096, 4096]",False,0.009407978529443929,0.9999557476713745,0.00024530513855533867,0.00390625,0.00018661287381366233,1.00004154275134,False,False
C_INT8,int8_convrot,model.layers.32.self_attn.q_proj,"[4096, 4096]","[4096, 4096]",False,0.008814212103714412,0.9999611573404243,0.0002154205816760397,0.002197265625,0.0001605384071517021,1.0000419309662973,False,False
C_INT8,int8_convrot,model.layers.32.self_attn.v_proj,"[1024, 4096]","[1024, 4096]",False,0.008828670496516526,0.9999610292437675,0.0002555808775485486,0.00146484375,0.00019542107964196694,1.0000347107201193,False,False
C_INT8,int8_convrot,model.layers.33.mlp.down_proj,"[4096, 12288]","[4096, 12288]",False,0.009406556842885173,0.9999557612727983,0.0002634036985649912,0.00244140625,0.00020198429839858977,1.0000441545794219,False,False
C_INT8,int8_convrot,model.layers.33.mlp.gate_proj,"[12288, 4096]","[12288, 4096]",False,0.00881755142017862,0.9999611274394373,0.00022402951557465487,0.001953125,0.00017103696721483847,1.0000359777439314,False,False
C_INT8,int8_convrot,model.layers.33.mlp.up_proj,"[12288, 4096]","[12288, 4096]",False,0.008824714718710151,0.9999610642904875,0.00025087763585073924,0.001953125,0.00019177087792222698,1.0000364694421224,False,False
C_INT8,int8_convrot,model.layers.33.self_attn.k_proj,"[1024, 4096]","[1024, 4096]",False,0.008829902243543002,0.9999610188254187,0.00018983192862289305,0.00146484375,0.00013995757556046606,1.0000406679731049,False,False
C_INT8,int8_convrot,model.layers.33.self_attn.o_proj,"[4096, 4096]","[4096, 4096]",False,0.009012449557691414,0.9999593901579622,0.00024354693414270143,0.003662109375,0.0001857875896162614,1.000038205655195,False,False
C_INT8,int8_convrot,model.layers.33.self_attn.q_proj,"[4096, 4096]","[4096, 4096]",False,0.008834448032397395,0.9999609781981469,0.00021264049410034516,0.0029296875,0.00015640296498665085,1.000034400265722,False,False
C_INT8,int8_convrot,model.layers.33.self_attn.v_proj,"[1024, 4096]","[1024, 4096]",False,0.008810892422917917,0.9999611864643866,0.00026786924826392803,0.0015869140625,0.00020385071614512865,1.0000403099128656,False,False
C_INT8,int8_convrot,model.layers.34.mlp.down_proj,"[4096, 12288]","[4096, 12288]",False,0.009433847300261011,0.9999555042084451,0.0002526782088058028,0.00634765625,0.000193388814955748,1.0000442224119257,False,False
C_INT8,int8_convrot,model.layers.34.mlp.gate_proj,"[12288, 4096]","[12288, 4096]",False,0.008822708639318595,0.9999610819785973,0.00022632485533538696,0.001953125,0.00017237760184662972,1.0000363088506898,False,False
C_INT8,int8_convrot,model.layers.34.mlp.up_proj,"[12288, 4096]","[12288, 4096]",False,0.008816561791040692,0.9999611361201005,0.0002475463156025601,0.00201416015625,0.000188934421486391,1.0000353757187168,False,False
C_INT8,int8_convrot,model.layers.34.self_attn.k_proj,"[1024, 4096]","[1024, 4096]",False,0.008788270387201829,0.999961384990342,0.00019787781051543542,0.0015869140625,0.00014583723919041032,1.0000332751465093,False,False
C_INT8,int8_convrot,model.layers.34.self_attn.o_proj,"[4096, 4096]","[4096, 4096]",False,0.009386955278096486,0.9999559452706729,0.00024502390194908923,0.00390625,0.00018528385064200655,1.000042034352172,False,False
C_INT8,int8_convrot,model.layers.34.self_attn.q_proj,"[4096, 4096]","[4096, 4096]",False,0.00882745719404351,0.9999610402065651,0.0002090601289465392,0.002197265625,0.0001547372172529706,1.0000380552697035,False,False
C_INT8,int8_convrot,model.layers.34.self_attn.v_proj,"[1024, 4096]","[1024, 4096]",False,0.008834349794994166,0.999960979591928,0.00026756264531521787,0.00146484375,0.00020453057588976867,1.0000412461705557,False,False
C_INT8,int8_convrot,model.layers.35.mlp.down_proj,"[4096, 12288]","[4096, 12288]",False,0.009447136484433913,0.9999553784407533,0.0002292926665182983,0.00390625,0.00017612976760350368,1.0000405830988435,False,False
C_INT8,int8_convrot,model.layers.35.mlp.gate_proj,"[12288, 4096]","[12288, 4096]",False,0.008828941409197318,0.999961026910957,0.0002327438601100373,0.00244140625,0.00017638867874737057,1.0000355023199734,False,False
C_INT8,int8_convrot,model.layers.35.mlp.up_proj,"[12288, 4096]","[12288, 4096]",False,0.008820575699639623,0.9999611008328005,0.0002434358325336293,0.001953125,0.00018539444396346386,1.0000368211074446,False,False
C_INT8,int8_convrot,model.layers.35.self_attn.k_proj,"[1024, 4096]","[1024, 4096]",False,0.008829718289361077,0.9999610201389726,0.0002063708492953313,0.00146484375,0.0001558930191578739,1.0000366668653313,False,False
C_INT8,int8_convrot,model.layers.35.self_attn.o_proj,"[4096, 4096]","[4096, 4096]",False,0.009792149214684891,0.9999520598150128,0.00024262630311325156,0.00885009765625,0.00018040352059226568,1.0000421392810988,False,False
C_INT8,int8_convrot,model.layers.35.self_attn.q_proj,"[4096, 4096]","[4096, 4096]",False,0.008812705539711108,0.9999611701612393,0.00020781651893162035,0.002685546875,0.0001569320371365456,1.000036063431502,False,False
C_INT8,int8_convrot,model.layers.35.self_attn.v_proj,"[1024, 4096]","[1024, 4096]",False,0.008810006583471662,0.9999611935651458,0.0002513897222928004,0.001708984375,0.00019060778677685523,1.0000308513759204,False,False
C_INT8,int8_convrot,model.layers.4.mlp.down_proj,"[4096, 12288]","[4096, 12288]",False,0.009430166984646719,0.9999555388481651,0.0002080869723103452,0.00390625,0.00015991911687283914,1.000043412319207,False,False
C_INT8,int8_convrot,model.layers.4.mlp.gate_proj,"[12288, 4096]","[12288, 4096]",False,0.008832045802577614,0.9999609995805911,0.00027671193810319063,0.00244140625,0.00020412952687995223,1.0000365860833709,False,False
C_INT8,int8_convrot,model.layers.4.mlp.up_proj,"[12288, 4096]","[12288, 4096]",False,0.008822635145305482,0.99996108259096,0.00018428483558477834,0.0014801025390625,0.00013529491421228684,1.0000358239002463,False,False
C_INT8,int8_convrot,model.layers.4.self_attn.k_proj,"[1024, 4096]","[1024, 4096]",False,0.008833286616902346,0.9999609877364555,0.00022587617926974644,0.001953125,0.0001701391194647078,1.0000238152567318,False,False
C_INT8,int8_convrot,model.layers.4.self_attn.o_proj,"[4096, 4096]","[4096, 4096]",False,0.009411153004837943,0.999955717288016,0.0002397697061450157,0.006103515625,0.00018098884972173566,1.000035326706558,False,False
C_INT8,int8_convrot,model.layers.4.self_attn.q_proj,"[4096, 4096]","[4096, 4096]",False,0.008812550517798322,0.9999611712864345,0.0002159100897314084,0.002197265625,0.0001633153632188127,1.0000327740075912,False,False
C_INT8,int8_convrot,model.layers.4.self_attn.v_proj,"[1024, 4096]","[1024, 4096]",False,0.008799579588918081,0.9999612867333134,0.00023930175703755564,0.00146484375,0.0001828488827535068,1.0000482709487812,False,False
C_INT8,int8_convrot,model.layers.5.mlp.down_proj,"[4096, 12288]","[4096, 12288]",False,0.009418201630225954,0.9999556515392896,0.00022260969135186087,0.004150390625,0.00017099467157052849,1.0000426389196067,False,False
C_INT8,int8_convrot,model.layers.5.mlp.gate_proj,"[12288, 4096]","[12288, 4096]",False,0.008828903339759026,0.9999610272531274,0.0002841475678220754,0.00244140625,0.00021381705500906993,1.000035580288191,False,False
C_INT8,int8_convrot,model.layers.5.mlp.up_proj,"[12288, 4096]","[12288, 4096]",False,0.008813589888644394,0.9999611623438737,0.0002067880793473863,0.001434326171875,0.0001583151238042817,1.000035743139728,False,False
C_INT8,int8_convrot,model.layers.5.self_attn.k_proj,"[1024, 4096]","[1024, 4096]",False,0.008828816530265769,0.99996102855067,0.0002208048037135713,0.001708984375,0.00016498498860043152,1.000042400632832,False,False
C_INT8,int8_convrot,model.layers.5.self_attn.o_proj,"[4096, 4096]","[4096, 4096]",False,0.009716128552562521,0.999952801661189,0.00023973438471885155,0.0048828125,0.0001806311607522211,1.0000460963506828,False,False
C_INT8,int8_convrot,model.layers.5.self_attn.q_proj,"[4096, 4096]","[4096, 4096]",False,0.008815969703495151,0.999961141364315,0.00021584815543741352,0.00341796875,0.00016214487071631169,1.0000357084054314,False,False
C_INT8,int8_convrot,model.layers.5.self_attn.v_proj,"[1024, 4096]","[1024, 4096]",False,0.008835508846799902,0.9999609689709356,0.00023590185968859524,0.00146484375,0.0001794378915678579,1.0000363470025644,False,False
C_INT8,int8_convrot,model.layers.6.mlp.down_proj,"[4096, 12288]","[4096, 12288]",False,0.009430550203439619,0.9999555350617063,0.00022961809754189447,0.003173828125,0.00017662591885258164,1.0000414257018162,False,False
C_INT8,int8_convrot,model.layers.6.mlp.gate_proj,"[12288, 4096]","[12288, 4096]",False,0.008825115997767436,0.9999610608957835,0.00026929091641956945,0.00201416015625,0.0002039545832756194,1.0000383855294146,False,False
C_INT8,int8_convrot,model.layers.6.mlp.up_proj,"[12288, 4096]","[12288, 4096]",False,0.008820823903013803,0.9999610988872281,0.00021387262976453475,0.00177001953125,0.00016386111949424792,1.0000399760192389,False,False
C_INT8,int8_convrot,model.layers.6.self_attn.k_proj,"[1024, 4096]","[1024, 4096]",False,0.008836286649134103,0.9999609617799758,0.00022282778753229316,0.00146484375,0.00016923652588123582,1.0000319945609255,False,False
C_INT8,int8_convrot,model.layers.6.self_attn.o_proj,"[4096, 4096]","[4096, 4096]",False,0.010198117564072559,0.9999480024068974,0.0002617985009998859,0.0087890625,0.0001912714148900364,1.0000434967580167,False,False
C_INT8,int8_convrot,model.layers.6.self_attn.q_proj,"[4096, 4096]","[4096, 4096]",False,0.008831993830442149,0.9999609995737069,0.0002220101041341573,0.001953125,0.0001678397189849108,1.0000301605896476,False,False
C_INT8,int8_convrot,model.layers.6.self_attn.v_proj,"[1024, 4096]","[1024, 4096]",False,0.00884088941026843,0.9999609212818348,0.0002396657431717204,0.0013427734375,0.00018321378138181233,1.0000345171428877,False,False
C_INT8,int8_convrot,model.layers.7.mlp.down_proj,"[4096, 12288]","[4096, 12288]",False,0.009417639804362646,0.9999556565867134,0.00023060690065835563,0.0020751953125,0.00017739565187197218,1.000039792065791,False,False
C_INT8,int8_convrot,model.layers.7.mlp.gate_proj,"[12288, 4096]","[12288, 4096]",False,0.008820075285255706,0.9999611052902209,0.0002649385014080366,0.002197265625,0.00020106079956903983,1.0000373956493616,False,False
C_INT8,int8_convrot,model.layers.7.mlp.up_proj,"[12288, 4096]","[12288, 4096]",False,0.008831473544558223,0.9999610045420804,0.00021619455817150558,0.00140380859375,0.000165621387427949,1.0000353638805966,False,False
C_INT8,int8_convrot,model.layers.7.self_attn.k_proj,"[1024, 4096]","[1024, 4096]",False,0.008811979119420584,0.9999611766063369,0.00022265798578486185,0.001556396484375,0.00016731919827448448,1.0000366478240785,False,False
C_INT8,int8_convrot,model.layers.7.self_attn.o_proj,"[4096, 4096]","[4096, 4096]",False,0.009649391462210935,0.9999534479442722,0.00024462291798222203,0.00390625,0.00018576944675909425,1.0000473148982711,False,False
C_INT8,int8_convrot,model.layers.7.self_attn.q_proj,"[4096, 4096]","[4096, 4096]",False,0.008824722024442868,0.9999610640967221,0.00021606989943922681,0.001953125,0.00016260838561205418,1.0000347396134575,False,False
C_INT8,int8_convrot,model.layers.7.self_attn.v_proj,"[1024, 4096]","[1024, 4096]",False,0.00884417344788414,0.9999608920380535,0.00025689225905293757,0.0015869140625,0.0001947586537484492,1.0000316697920273,False,False
C_INT8,int8_convrot,model.layers.8.mlp.down_proj,"[4096, 12288]","[4096, 12288]",False,0.009423726896307674,0.9999555995478181,0.0002408142252849526,0.0025634765625,0.00018519796016351075,1.0000433219494422,False,False
C_INT8,int8_convrot,model.layers.8.mlp.gate_proj,"[12288, 4096]","[12288, 4096]",False,0.008840453678457769,0.9999609254712487,0.00024241463120580297,0.001953125,0.00018507997055554164,1.0000389622709982,False,False
C_INT8,int8_convrot,model.layers.8.mlp.up_proj,"[12288, 4096]","[12288, 4096]",False,0.008817290178715713,0.999961129706017,0.00022430530545925698,0.0013427734375,0.00017182951041086816,1.000035484412534,False,False
C_INT8,int8_convrot,model.layers.8.self_attn.k_proj,"[1024, 4096]","[1024, 4096]",False,0.00880354595180632,0.9999612501200359,0.00022748817813965006,0.0015869140625,0.0001712928798358864,1.0000257708224538,False,False
C_INT8,int8_convrot,model.layers.8.self_attn.o_proj,"[4096, 4096]","[4096, 4096]",False,0.009386121031735908,0.9999559527999278,0.00024389246422678148,0.00390625,0.0001856799525103478,1.0000384621951999,False,False
C_INT8,int8_convrot,model.layers.8.self_attn.q_proj,"[4096, 4096]","[4096, 4096]",False,0.008842785352010945,0.9999609045745206,0.00022033043356945557,0.001953125,0.00016642665864460815,1.000035268890026,False,False
C_INT8,int8_convrot,model.layers.8.self_attn.v_proj,"[1024, 4096]","[1024, 4096]",False,0.008833638670568304,0.9999609853840747,0.00025479784364097156,0.00146484375,0.00019456774039275284,1.0000348935794419,False,False
C_INT8,int8_convrot,model.layers.9.mlp.down_proj,"[4096, 12288]","[4096, 12288]",False,0.009405036314672023,0.9999557756052972,0.00023170337609775286,0.0025634765625,0.00017805504411727395,1.0000445112109506,False,False
C_INT8,int8_convrot,model.layers.9.mlp.gate_proj,"[12288, 4096]","[12288, 4096]",False,0.008822680378219427,0.9999610823207512,0.00025687471328026497,0.0025634765625,0.00019424525613330134,1.0000375292603465,False,False
C_INT8,int8_convrot,model.layers.9.mlp.up_proj,"[12288, 4096]","[12288, 4096]",False,0.008830475855951016,0.9999610134773981,0.00021786354533909877,0.0015869140625,0.00016683448542302386,1.0000370275135173,False,False
C_INT8,int8_convrot,model.layers.9.self_attn.k_proj,"[1024, 4096]","[1024, 4096]",False,0.008832143503340514,0.9999609987862955,0.00022081164389932344,0.001953125,0.00016433716856213004,1.0000375005328568,False,False
C_INT8,int8_convrot,model.layers.9.self_attn.o_proj,"[4096, 4096]","[4096, 4096]",False,0.009634555463659131,0.9999535908131629,0.00024695251539674497,0.00732421875,0.00018855363161618367,1.000045454234296,False,False
C_INT8,int8_convrot,model.layers.9.self_attn.q_proj,"[4096, 4096]","[4096, 4096]",False,0.008833199982682404,0.999960989210968,0.0002152205706800792,0.001953125,0.00016176731343365053,1.0000342385171748,False,False
C_INT8,int8_convrot,model.layers.9.self_attn.v_proj,"[1024, 4096]","[1024, 4096]",False,0.008783955405267819,0.9999614226604404,0.00025674081582361373,0.00152587890625,0.00019462413589789365,1.0000298450912328,False,False
