pair,pid,field,rel_l2,rmse,max_abs,cosine,norm_ratio,nan,inf
C_BF16:C_W4A8,C01,layer_01,0.05362790679292374,0.010878703593737472,0.2343730926513672,0.9986528158187866,0.9851475295975891,0,0
C_BF16:C_W4A8,C01,layer_02,0.048131583500284014,0.01764628452155121,0.9950790405273438,0.9988599419593811,0.9928126049090655,0,0
C_BF16:C_W4A8,C01,layer_03,0.05138756070796816,0.023773200155182375,0.8853988647460938,0.9986829161643982,0.9960571068742612,0,0
C_BF16:C_W4A8,C01,layer_04,0.06322647166094662,0.03296221419666633,1.2839884757995605,0.9980089068412781,0.9935969786696082,0,0
C_BF16:C_W4A8,C01,layer_05,0.07015527093962562,0.044211531369422095,0.9175691604614258,0.9975841045379639,0.9877837302335933,0,0
C_BF16:C_W4A8,C01,layer_06,0.0787827727363378,0.05422966894163961,1.4538459777832031,0.9969537854194641,0.98584731719903,0,0
C_BF16:C_W4A8,C01,layer_07,0.05667676361598305,2.0988593487889977,110.703125,0.9984052181243896,0.9934002517635081,0,0
C_BF16:C_W4A8,C01,layer_08,0.05665566188347331,2.098231656702193,110.7373046875,0.9984064102172852,0.9933957031290935,0,0
C_BF16:C_W4A8,C01,layer_09,0.056626282702788806,2.0973210610300734,110.6884765625,0.9984078407287598,0.9933947392277712,0,0
C_BF16:C_W4A8,C01,layer_10,0.05658149510233686,2.095906445530713,110.62890625,0.9984105825424194,0.993396987204596,0,0
C_BF16:C_W4A8,C01,layer_11,0.05652479585537166,2.093908577032728,110.4736328125,0.9984139800071716,0.9934044333052492,0,0
C_BF16:C_W4A8,C01,layer_12,0.05645749955374865,2.0915260464466296,110.349609375,0.9984176158905029,0.9934080662585967,0,0
C_BF16:C_W4A8,C01,layer_13,0.05638297484400212,2.0891325633041626,110.31640625,0.9984217286109924,0.9934063737830989,0,0
C_BF16:C_W4A8,C01,layer_14,0.05630722685307199,2.087035910805625,110.1923828125,0.9984262585639954,0.9934161325387616,0,0
C_BF16:C_W4A8,C01,layer_15,0.05624904620888214,2.085394278830716,110.0322265625,0.9984293580055237,0.9934103989909474,0,0
C_BF16:C_W4A8,C01,layer_16,0.056181486273110016,2.083309820574696,110.0126953125,0.9984336495399475,0.9934159772712844,0,0
C_BF16:C_W4A8,C01,layer_17,0.5514990946129728,25.164562105123945,9033.80241394043,0.834187388420105,0.8296295706358232,0,0
C_BF16:C_W4A8,C01,layer_18,0.553157638564711,25.27535911468786,9073.744590759277,0.8330889940261841,0.8283979107845579,0,0
C_BF16:C_W4A8,C01,layer_19,0.5529960324962795,25.269097273329134,9071.544326782227,0.8331964015960693,0.8284395107137181,0,0
C_BF16:C_W4A8,C01,layer_20,0.5525334582427396,25.250060757470415,9064.5133934021,0.8335045576095581,0.8285136197798184,0,0
C_BF16:C_W4A8,C01,layer_21,0.5522053216596505,25.23150556829892,9057.806552886963,0.8337234258651733,0.8285806903699924,0,0
C_BF16:C_W4A8,C01,layer_22,0.5519390384070348,25.221865427027325,9054.208099365234,0.8339009881019592,0.8286362645510726,0,0
C_BF16:C_W4A8,C01,layer_23,0.5508820207870472,25.17760542295018,9037.826583862305,0.8346027135848999,0.8287899199321604,0,0
C_BF16:C_W4A8,C01,layer_24,0.5494068084277868,25.118040475888456,9015.80029296875,0.8355794548988342,0.82904260849982,0,0
C_BF16:C_W4A8,C01,layer_25,0.5476646398473743,25.057805887349826,8993.019332885742,0.8367288708686829,0.8293938180470057,0,0
C_BF16:C_W4A8,C01,layer_26,0.546245410520034,25.017800352168504,8977.611297607422,0.8376610279083252,0.8297470653695554,0,0
C_BF16:C_W4A8,C01,layer_27,0.5447886691439046,24.97957349042951,8962.59341430664,0.838615357875824,0.8301256944366919,0,0
C_BF16:C_W4A8,C01,layer_28,0.5431457448436022,24.94317549625988,8947.25552368164,0.8396857976913452,0.8306552872621779,0,0
C_BF16:C_W4A8,C01,layer_29,0.5406889079770778,24.891929992082005,8925.944030761719,0.8412812948226929,0.8313084086803298,0,0
C_BF16:C_W4A8,C01,layer_30,0.5380220096012919,24.837474692802534,8902.751342773438,0.8429999351501465,0.8320793127989385,0,0
C_BF16:C_W4A8,C01,layer_31,0.5342282971820425,24.77686176445756,8875.356048583984,0.8454240560531616,0.8334914523298578,0,0
C_BF16:C_W4A8,C01,layer_32,0.5308803674867779,24.741088754404178,8854.557434082031,0.8475372791290283,0.8352663008524178,0,0
C_BF16:C_W4A8,C01,layer_33,0.5266752108088338,24.69124831390224,8826.535522460938,0.850169837474823,0.8370446160293564,0,0
C_BF16:C_W4A8,C01,layer_34,0.524464888534966,24.785152979108936,8846.28955078125,0.8515433669090271,0.8379748318532295,0,0
C_BF16:C_W4A8,C01,layer_35,0.15640269626117184,4.8847993800277765,521.83203125,0.9882903099060059,0.9539954261372455,0,0
C_BF16:C_W4A8,C01,layer_36,0.454510624781529,8.438072969102814,435.45372009277344,0.9069905281066895,1.077903273634615,0,0
C_BF16:C_W4A8,C01,embedding,0.00859317986168373,0.00019529198435528389,0.0009765625,0.9999642968177795,1.0000316612025884,0,0
C_BF16:C_W4A8,C01,prenorm,0.454510624781529,8.438072969102814,435.45372009277344,0.9069905281066895,1.077903273634615,0,0
C_BF16:C_W4A8,C01,postnorm,0.29194047584839655,0.9014853323658899,30.236228942871094,0.9570767283439636,0.992070549614851,0,0
C_BF16:C_W4A8,C02,layer_01,0.05191281838714027,0.010062974314709153,0.2343730926513672,0.9987304210662842,0.9861599200112622,0,0
C_BF16:C_W4A8,C02,layer_02,0.04879792421590673,0.016472424120392782,0.9950790405273438,0.9988242983818054,0.9932824754039644,0,0
C_BF16:C_W4A8,C02,layer_03,0.05475696403800807,0.023359440527563502,0.8853988647460938,0.9985070824623108,0.9947688804396927,0,0
C_BF16:C_W4A8,C02,layer_04,0.06482079978747596,0.03147871258602634,1.2839884757995605,0.997906506061554,0.993916144933935,0,0
C_BF16:C_W4A8,C02,layer_05,0.07038589067233232,0.04131562590775368,0.9175691604614258,0.997555673122406,0.9891746920803993,0,0
C_BF16:C_W4A8,C02,layer_06,0.07816929557483099,0.051897144256148754,1.4538459777832031,0.9970059394836426,0.9855885121243786,0,0
C_BF16:C_W4A8,C02,layer_07,0.0566802705346627,1.8322376924413104,110.703125,0.9984049797058105,0.9933981539854696,0,0
C_BF16:C_W4A8,C02,layer_08,0.05666055889756511,1.831750345344104,110.7373046875,0.9984063506126404,0.9933945165001465,0,0
C_BF16:C_W4A8,C02,layer_09,0.05663276205696782,1.8310225688559625,110.6884765625,0.9984075427055359,0.9933944972308408,0,0
C_BF16:C_W4A8,C02,layer_10,0.05658839901376575,1.8298070619260665,110.62890625,0.9984100461006165,0.9933974068319218,0,0
C_BF16:C_W4A8,C02,layer_11,0.056532053460962406,1.8280879497432567,110.4736328125,0.9984133839607239,0.9934053948947869,0,0
C_BF16:C_W4A8,C02,layer_12,0.05646386722369329,1.8260063022982944,110.349609375,0.9984174370765686,0.993407779712693,0,0
C_BF16:C_W4A8,C02,layer_13,0.056391587523632526,1.824025103565996,110.31640625,0.9984211325645447,0.9934070175764471,0,0
C_BF16:C_W4A8,C02,layer_14,0.056315790989674167,1.8222217885676908,110.1923828125,0.9984256625175476,0.9934144025095729,0,0
C_BF16:C_W4A8,C02,layer_15,0.056257183240896076,1.8207886877764428,110.0322265625,0.9984287023544312,0.9934084583570127,0,0
C_BF16:C_W4A8,C02,layer_16,0.05619336600841777,1.8191384948379747,110.0126953125,0.9984326362609863,0.9934095882843723,0,0
C_BF16:C_W4A8,C02,layer_17,0.5514367303947115,21.965499093389674,9033.80241394043,0.8342283368110657,0.8296674720110951,0,0
C_BF16:C_W4A8,C02,layer_18,0.5530797992314526,22.062231037056417,9073.744590759277,0.8331407904624939,0.8284458119108364,0,0
C_BF16:C_W4A8,C02,layer_19,0.5529068702067714,22.056781417264098,9071.544326782227,0.8332552909851074,0.8284958533599588,0,0
C_BF16:C_W4A8,C02,layer_20,0.5524063309931609,22.04019952961125,9064.5133934021,0.833588719367981,0.8285958596722537,0,0
C_BF16:C_W4A8,C02,layer_21,0.5520623467175683,22.02402799708422,9057.806552886963,0.8338176012039185,0.8286739251788117,0,0
C_BF16:C_W4A8,C02,layer_22,0.5517831812792505,22.01563856898027,9054.208099365234,0.8340041041374207,0.8287362716114409,0,0
C_BF16:C_W4A8,C02,layer_23,0.5506575273816972,21.977057058471523,9037.826583862305,0.8347505331039429,0.8289302018101136,0,0
C_BF16:C_W4A8,C02,layer_24,0.5490825814175584,21.9251205476701,9015.80029296875,0.8357922434806824,0.8292449631538049,0,0
C_BF16:C_W4A8,C02,layer_25,0.5471557130090198,21.872672517991447,8993.019332885742,0.8370614051818848,0.8297280868651754,0,0
C_BF16:C_W4A8,C02,layer_26,0.5456218395850451,21.83790704281334,8977.611297607422,0.838067352771759,0.8301705130451937,0,0
C_BF16:C_W4A8,C02,layer_27,0.5439606285722793,21.80482073245397,8962.59341430664,0.8391525745391846,0.8306979095358688,0,0
C_BF16:C_W4A8,C02,layer_28,0.5420435413484365,21.773423410293955,8947.25552368164,0.840397298336029,0.831424751053832,0,0
C_BF16:C_W4A8,C02,layer_29,0.539181537704504,21.729228411687796,8925.944030761719,0.8422468900680542,0.832369080395,0,0
C_BF16:C_W4A8,C02,layer_30,0.5358815107045255,21.682410047044222,8902.751342773438,0.8443601131439209,0.8336004622012825,0,0
C_BF16:C_W4A8,C02,layer_31,0.5308912985276233,21.63115759830578,8875.356048583984,0.8475210666656494,0.8358539159492351,0,0
C_BF16:C_W4A8,C02,layer_32,0.5262780810404983,21.602090018299233,8854.557434082031,0.8503989577293396,0.838480289876092,0,0
C_BF16:C_W4A8,C02,layer_33,0.5207626381841501,21.562550861727978,8826.535522460938,0.8537988066673279,0.8410884266126663,0,0
C_BF16:C_W4A8,C02,layer_34,0.5172954062067723,21.648907852368282,8846.28955078125,0.8559123277664185,0.8427502877877102,0,0
C_BF16:C_W4A8,C02,layer_35,0.15469996803300554,4.479874773219747,521.83203125,0.9884518384933472,0.9573837400265021,0,0
C_BF16:C_W4A8,C02,layer_36,0.4339179134093831,7.4781067835185,390.8872985839844,0.9145314693450928,1.071532873369244,0,0
C_BF16:C_W4A8,C02,embedding,0.008619016005185437,0.0001994797106054082,0.001007080078125,0.999963641166687,0.9999791320657888,0,0
C_BF16:C_W4A8,C02,prenorm,0.4339179134093831,7.4781067835185,390.8872985839844,0.9145314693450928,1.071532873369244,0,0
C_BF16:C_W4A8,C02,postnorm,0.2658902934273436,0.8373627432526684,30.236228942871094,0.9646178483963013,0.999034105669227,0,0
C_BF16:C_W4A8,C03,layer_01,0.05195362420912016,0.01016687659974748,0.2343730926513672,0.9987226128578186,0.9866547119125817,0,0
C_BF16:C_W4A8,C03,layer_02,0.04851837665592829,0.016544723586137015,0.9950790405273438,0.9988356828689575,0.9939104505460928,0,0
C_BF16:C_W4A8,C03,layer_03,0.05248349806525004,0.022575583983439472,0.91455078125,0.9986239671707153,0.9968262324776366,0,0
C_BF16:C_W4A8,C03,layer_04,0.06358599193403495,0.031148734708487856,1.2839884757995605,0.9979838132858276,0.9942665288739408,0,0
C_BF16:C_W4A8,C03,layer_05,0.06924867849545724,0.04075711579298817,0.9175691604614258,0.9976266026496887,0.9902715966669345,0,0
C_BF16:C_W4A8,C03,layer_06,0.07714026487571289,0.05132758566241361,1.4538459777832031,0.997062623500824,0.9879170653494257,0,0
C_BF16:C_W4A8,C03,layer_07,0.05667926545671613,1.8543990176212073,110.703125,0.9984050989151001,0.9933992129724285,0,0
C_BF16:C_W4A8,C03,layer_08,0.05665993877365873,1.853918138520879,110.7373046875,0.9984064102172852,0.9933956826857256,0,0
C_BF16:C_W4A8,C03,layer_09,0.056633987990854395,1.8532548243444107,110.6884765625,0.998407244682312,0.993392240677925,0,0
C_BF16:C_W4A8,C03,layer_10,0.0565909242608027,1.8520571713583933,110.62890625,0.9984101057052612,0.993395012827666,0,0
C_BF16:C_W4A8,C03,layer_11,0.056531990183572904,1.8502182256978634,110.4736328125,0.9984135031700134,0.9934035903497482,0,0
C_BF16:C_W4A8,C03,layer_12,0.05646738054059258,1.8482302959400465,110.349609375,0.9984171390533447,0.9934057123446945,0,0
C_BF16:C_W4A8,C03,layer_13,0.056395402427210486,1.846234333354402,110.31640625,0.998421311378479,0.9934055071151106,0,0
C_BF16:C_W4A8,C03,layer_14,0.05632058671359557,1.844427055265484,110.1923828125,0.9984254240989685,0.993415675287336,0,0
C_BF16:C_W4A8,C03,layer_15,0.05626214871922732,1.8429916946909903,110.0322265625,0.998428463935852,0.9934070373137529,0,0
C_BF16:C_W4A8,C03,layer_16,0.05619759798229071,1.8412716489513414,110.0126953125,0.9984323382377625,0.9934100633887764,0,0
C_BF16:C_W4A8,C03,layer_17,0.551448409013169,22.23176418139339,9033.80241394043,0.8342205882072449,0.8296596224026563,0,0
C_BF16:C_W4A8,C03,layer_18,0.5530979102502469,22.329671297233762,9073.744590759277,0.8331283330917358,0.828433799767324,0,0
C_BF16:C_W4A8,C03,layer_19,0.5529241011301188,22.324166751527212,9071.544326782227,0.8332439064979553,0.8284829551188193,0,0
C_BF16:C_W4A8,C03,layer_20,0.5524331373054702,22.307388574075684,9064.5133934021,0.8335710167884827,0.828575513202979,0,0
C_BF16:C_W4A8,C03,layer_21,0.5520881458424962,22.291041629476194,9057.806552886963,0.8338008522987366,0.8286556122988359,0,0
C_BF16:C_W4A8,C03,layer_22,0.551804886004822,22.282573323441845,9054.208099365234,0.8339895009994507,0.8287214979085873,0,0
C_BF16:C_W4A8,C03,layer_23,0.5506905449588708,22.243557440818524,9037.826583862305,0.8347288966178894,0.8289149208639982,0,0
C_BF16:C_W4A8,C03,layer_24,0.5491039952383039,22.191069610514287,9015.80029296875,0.8357775807380676,0.8292316819275952,0,0
C_BF16:C_W4A8,C03,layer_25,0.547198803398535,22.138069268810337,8993.019332885742,0.837033212184906,0.8297006272767211,0,0
C_BF16:C_W4A8,C03,layer_26,0.5456831879480392,22.10294117012272,8977.611297607422,0.8380275368690491,0.8301313547597434,0,0
C_BF16:C_W4A8,C03,layer_27,0.5440011988717188,22.069535419997607,8962.59341430664,0.839126467704773,0.830676797175261,0,0
C_BF16:C_W4A8,C03,layer_28,0.5421590007806106,22.037758983225203,8947.25552368164,0.8403232097625732,0.8313550926273092,0,0
C_BF16:C_W4A8,C03,layer_29,0.5393251057416932,21.99307527046573,8925.944030761719,0.8421545028686523,0.8322678187687681,0,0
C_BF16:C_W4A8,C03,layer_30,0.5361842384051463,21.945677341924256,8902.751342773438,0.8441682457923889,0.8333883169656027,0,0
C_BF16:C_W4A8,C03,layer_31,0.5314740277895105,21.89356407218381,8875.356048583984,0.8471562266349792,0.8354505840405866,0,0
C_BF16:C_W4A8,C03,layer_32,0.5273033553951091,21.86317134335043,8854.557434082031,0.8497634530067444,0.8378385872332801,0,0
C_BF16:C_W4A8,C03,layer_33,0.5220878995864294,21.821415896779353,8826.535522460938,0.8529893755912781,0.8402792934190565,0,0
C_BF16:C_W4A8,C03,layer_34,0.518429645777701,21.90786644356638,8846.28955078125,0.8552238345146179,0.8420932905252514,0,0
C_BF16:C_W4A8,C03,layer_35,0.15441031026268648,4.499697667742871,521.83203125,0.9885755777359009,0.955071611756533,0,0
C_BF16:C_W4A8,C03,layer_36,0.43278258504464445,7.617483397044512,393.0790100097656,0.9143050909042358,1.066794554028448,0,0
C_BF16:C_W4A8,C03,embedding,0.008872423464851205,0.0002044820265523201,0.0010986328125,0.9999616146087646,1.000014229789295,0,0
C_BF16:C_W4A8,C03,prenorm,0.43278258504464445,7.617483397044512,393.0790100097656,0.9143050909042358,1.066794554028448,0,0
C_BF16:C_W4A8,C03,postnorm,0.2524360080051934,0.8370523053450013,30.236228942871094,0.9683604836463928,1.0063766532789773,0,0
C_BF16:C_W4A8,C04,layer_01,0.05332550387884076,0.010825922361146509,0.2343730926513672,0.9986511468887329,0.9864623169300782,0,0
C_BF16:C_W4A8,C04,layer_02,0.04862256943537839,0.017798200487524056,0.9950790405273438,0.9988347887992859,0.9930713530520114,0,0
C_BF16:C_W4A8,C04,layer_03,0.05196084535429714,0.0240994035932499,0.8853988647460938,0.998654842376709,0.995402741779029,0,0
C_BF16:C_W4A8,C04,layer_04,0.06421710581392932,0.03323416775577491,1.2842772006988525,0.9979448914527893,0.9935748578475643,0,0
C_BF16:C_W4A8,C04,layer_05,0.07078481170394446,0.04360686430814544,0.917755126953125,0.9975277185440063,0.9890322448987012,0,0
C_BF16:C_W4A8,C04,layer_06,0.07981913556290555,0.05434538076979869,1.4538898468017578,0.9968639612197876,0.9864860080496972,0,0
C_BF16:C_W4A8,C04,layer_07,0.056677537648044306,2.0668382355614083,110.703125,0.9984052181243896,0.9934001512639249,0,0
C_BF16:C_W4A8,C04,layer_08,0.05665618820291006,2.0662115985172624,110.7373046875,0.9984064102172852,0.9933959987394957,0,0
C_BF16:C_W4A8,C04,layer_09,0.05662660900286784,2.0653108477398536,110.6884765625,0.998407781124115,0.9933944383071738,0,0
C_BF16:C_W4A8,C04,layer_10,0.05658080114573785,2.0638724245516515,110.62890625,0.998410701751709,0.9933980617174522,0,0
C_BF16:C_W4A8,C04,layer_11,0.05652136504051134,2.0618013506621873,110.4736328125,0.9984140396118164,0.9934061452174516,0,0
C_BF16:C_W4A8,C04,layer_12,0.05645349138735734,2.0594331388911287,110.349609375,0.9984179735183716,0.9934085548225967,0,0
C_BF16:C_W4A8,C04,layer_13,0.05638234773346671,2.0571962245262676,110.31640625,0.9984216094017029,0.9934059069630966,0,0
C_BF16:C_W4A8,C04,layer_14,0.056308371706794105,2.0551910904799673,110.1923828125,0.9984258413314819,0.9934146632455044,0,0
C_BF16:C_W4A8,C04,layer_15,0.05625283299912126,2.0536659980320344,110.0322265625,0.998429000377655,0.9934101888159943,0,0
C_BF16:C_W4A8,C04,layer_16,0.05618927088082412,2.0517558236829894,110.0126953125,0.9984328746795654,0.993414977245787,0,0
C_BF16:C_W4A8,C04,layer_17,0.5515053290613645,24.78037636711906,9033.801891326904,0.8341832160949707,0.8296273112667308,0,0
C_BF16:C_W4A8,C04,layer_18,0.553161733289236,24.889500264441537,9073.745487213135,0.8330860733985901,0.8283979887818753,0,0
C_BF16:C_W4A8,C04,layer_19,0.552998629366139,24.8833353642695,9071.539924621582,0.8331945538520813,0.8284375288178801,0,0
C_BF16:C_W4A8,C04,layer_20,0.5525379172373277,24.864600256817134,9064.504531860352,0.8335015773773193,0.82851349088155,0,0
C_BF16:C_W4A8,C04,layer_21,0.5522080525609575,24.84636499758888,9057.801258087158,0.8337216973304749,0.8285841929921969,0,0
C_BF16:C_W4A8,C04,layer_22,0.5519397837825827,24.83689746691726,9054.203090667725,0.8339004516601562,0.828642920085719,0,0
C_BF16:C_W4A8,C04,layer_23,0.5508777992767663,24.793343644785296,9037.814189910889,0.8346054553985596,0.8287984130939166,0,0
C_BF16:C_W4A8,C04,layer_24,0.5493922509546426,24.734728642525248,9015.786712646484,0.8355883955955505,0.8290614518626036,0,0
C_BF16:C_W4A8,C04,layer_25,0.5476427117061693,24.67550298161026,8993.009506225586,0.836743175983429,0.8294163884045316,0,0
C_BF16:C_W4A8,C04,layer_26,0.5462272555937888,24.63619076794103,8977.600173950195,0.8376728892326355,0.8297690959346502,0,0
C_BF16:C_W4A8,C04,layer_27,0.5447680115370243,24.59862296549525,8962.579483032227,0.8386297821998596,0.8301550905965369,0,0
C_BF16:C_W4A8,C04,layer_28,0.5431461070493016,24.562818291578072,8947.23860168457,0.8396857380867004,0.8306743926102191,0,0
C_BF16:C_W4A8,C04,layer_29,0.5406286491918398,24.512624804539893,8925.914947509766,0.8413200974464417,0.8313260688914752,0,0
C_BF16:C_W4A8,C04,layer_30,0.5378814239635508,24.45909084007625,8902.70816040039,0.843089759349823,0.8321519689453004,0,0
C_BF16:C_W4A8,C04,layer_31,0.5339676443882988,24.39962057871086,8875.30029296875,0.8455891609191895,0.8336449597493494,0,0
C_BF16:C_W4A8,C04,layer_32,0.5305564834432099,24.364459990013206,8854.488739013672,0.8477413058280945,0.8354177496224644,0,0
C_BF16:C_W4A8,C04,layer_33,0.526255705388077,24.31597314330158,8826.453155517578,0.8504312038421631,0.8372790638747769,0,0
C_BF16:C_W4A8,C04,layer_34,0.5237811162319236,24.409517462227434,8846.189453125,0.8519660830497742,0.8382965168477564,0,0
C_BF16:C_W4A8,C04,layer_35,0.15672507963312673,4.857377218134657,521.83203125,0.9882391095161438,0.9539584464097406,0,0
C_BF16:C_W4A8,C04,layer_36,0.4460235620032351,8.211122469510194,346.178466796875,0.9110058546066284,1.080908860482102,0,0
C_BF16:C_W4A8,C04,embedding,0.008686907986301624,0.00019700215905601597,0.0009918212890625,0.9999632239341736,1.0000174173176855,0,0
C_BF16:C_W4A8,C04,prenorm,0.4460235620032351,8.211122469510194,346.178466796875,0.9110058546066284,1.080908860482102,0,0
C_BF16:C_W4A8,C04,postnorm,0.29116252423468997,0.9048989379075373,30.605703353881836,0.957537055015564,0.9981763520303196,0,0
C_BF16:C_W4A8,C05,layer_01,0.05405668050053494,0.010983072662593034,0.2343730926513672,0.9986158013343811,0.9861351747541446,0,0
C_BF16:C_W4A8,C05,layer_02,0.04961904071710519,0.017276745330098337,0.9950790405273438,0.9987879991531372,0.992677108881041,0,0
C_BF16:C_W4A8,C05,layer_03,0.053615904045001425,0.023424601584944627,0.8853988647460938,0.9985661506652832,0.9957907662232082,0,0
C_BF16:C_W4A8,C05,layer_04,0.06613382015209494,0.03298858436356597,1.2842772006988525,0.9978256821632385,0.9924867951188527,0,0
C_BF16:C_W4A8,C05,layer_05,0.07143412070863818,0.042886083731724145,0.917755126953125,0.9974741339683533,0.989793442954623,0,0
C_BF16:C_W4A8,C05,layer_06,0.07915688810796924,0.05342214962121977,1.4538898468017578,0.9969191551208496,0.9862819611741175,0,0
C_BF16:C_W4A8,C05,layer_07,0.056680561309873714,1.901385905694321,110.703125,0.998404860496521,0.9933996505323661,0,0
C_BF16:C_W4A8,C05,layer_08,0.05666208527018675,1.9009217872586917,110.7373046875,0.9984058737754822,0.9933953143288443,0,0
C_BF16:C_W4A8,C05,layer_09,0.056634707691793344,1.900189342188434,110.6884765625,0.9984074831008911,0.9933938447785725,0,0
C_BF16:C_W4A8,C05,layer_10,0.05658775787452841,1.8988285477578262,110.62890625,0.998410165309906,0.9933973510234493,0,0
C_BF16:C_W4A8,C05,layer_11,0.05652979901927933,1.8969873980152596,110.4736328125,0.9984134435653687,0.9934044584797045,0,0
C_BF16:C_W4A8,C05,layer_12,0.056464450134612924,1.8949108962542638,110.349609375,0.9984171986579895,0.993406110521183,0,0
C_BF16:C_W4A8,C05,layer_13,0.05638925685338326,1.8927543781973946,110.31640625,0.9984211325645447,0.9934042663709101,0,0
C_BF16:C_W4A8,C05,layer_14,0.05631185052150546,1.8908131917540507,110.1923828125,0.9984259009361267,0.9934123683909036,0,0
C_BF16:C_W4A8,C05,layer_15,0.05625220033650933,1.889288178110109,110.0322265625,0.9984292984008789,0.9934083226351945,0,0
C_BF16:C_W4A8,C05,layer_16,0.056185100324425544,1.8874454245818508,110.0126953125,0.998433530330658,0.9934136302926305,0,0
C_BF16:C_W4A8,C05,layer_17,0.5514511660684827,22.794635523055465,9033.801891326904,0.8342190384864807,0.8296616157848704,0,0
C_BF16:C_W4A8,C05,layer_18,0.5531012197389331,22.89500539311584,9073.745487213135,0.8331262469291687,0.828435964029481,0,0
C_BF16:C_W4A8,C05,layer_19,0.5529332491951943,22.889329209628325,9071.539924621582,0.833237886428833,0.8284810891247011,0,0
C_BF16:C_W4A8,C05,layer_20,0.5524451838057042,22.872095131159355,9064.504531860352,0.8335632085800171,0.8285702975361638,0,0
C_BF16:C_W4A8,C05,layer_21,0.5521083076689918,22.855309790333745,9057.801258087158,0.8337875604629517,0.8286439557039295,0,0
C_BF16:C_W4A8,C05,layer_22,0.551830804831809,22.846591512126913,9054.203090667725,0.8339723348617554,0.8287089989262022,0,0
C_BF16:C_W4A8,C05,layer_23,0.5507221208357292,22.806510782478227,9037.814189910889,0.8347082138061523,0.8288925540829505,0,0
C_BF16:C_W4A8,C05,layer_24,0.5491688706307541,22.75258781340078,9015.786712646484,0.8357353210449219,0.8291969449779777,0,0
C_BF16:C_W4A8,C05,layer_25,0.5473257119723258,22.698127080098818,8993.009506225586,0.8369501233100891,0.8296176193447203,0,0
C_BF16:C_W4A8,C05,layer_26,0.5458215104183763,22.66198274691681,8977.600173950195,0.8379371762275696,0.8300278047685369,0,0
C_BF16:C_W4A8,C05,layer_27,0.5442012399133024,22.627609099523752,8962.579483032227,0.8389971256256104,0.8305129114807143,0,0
C_BF16:C_W4A8,C05,layer_28,0.5423757461587674,22.59491528170475,8947.23860168457,0.8401824831962585,0.8311647992567961,0,0
C_BF16:C_W4A8,C05,layer_29,0.5396130471064539,22.54897592131339,8925.914947509766,0.8419709801673889,0.8320048600557987,0,0
C_BF16:C_W4A8,C05,layer_30,0.5364415170605741,22.500274674003943,8902.70816040039,0.844007670879364,0.833115257687256,0,0
C_BF16:C_W4A8,C05,layer_31,0.5316977217310648,22.446726279580815,8875.30029296875,0.8470181822776794,0.8351611901026029,0,0
C_BF16:C_W4A8,C05,layer_32,0.5272994203805683,22.415606099412337,8854.488739013672,0.8497686982154846,0.8376624921747754,0,0
C_BF16:C_W4A8,C05,layer_33,0.5220468698829611,22.37203924615161,8826.453155517578,0.85301673412323,0.8400864536664391,0,0
C_BF16:C_W4A8,C05,layer_34,0.5184937412384257,22.45947275769274,8846.189453125,0.8551896810531616,0.8417646277146001,0,0
C_BF16:C_W4A8,C05,layer_35,0.1525943159721795,4.53638820232741,521.83203125,0.9888439178466797,0.9557614681760609,0,0
C_BF16:C_W4A8,C05,layer_36,0.43787435307718425,7.684466491465939,460.25543212890625,0.9125215411186218,1.0688227766366964,0,0
C_BF16:C_W4A8,C05,embedding,0.008811857498586201,0.0002009675277704472,0.0010986328125,0.9999622702598572,0.9999983403394399,0,0
C_BF16:C_W4A8,C05,prenorm,0.43787435307718425,7.684466491465939,460.25543212890625,0.9125215411186218,1.0688227766366964,0,0
C_BF16:C_W4A8,C05,postnorm,0.265239663405656,0.8431564940685125,30.242284774780273,0.9649938941001892,1.004545192982517,0,0
C_BF16:C_W4A8,C06,layer_01,0.05357290185955812,0.010755346731252835,0.2343730926513672,0.9986465573310852,0.9858381144973236,0,0
C_BF16:C_W4A8,C06,layer_02,0.04977378701772568,0.01829132761912616,0.9950790405273438,0.9987842440605164,0.9919732074265099,0,0
C_BF16:C_W4A8,C06,layer_03,0.05275740524964355,0.024308084637768727,0.8853988647460938,0.9986143708229065,0.9948945116827512,0,0
C_BF16:C_W4A8,C06,layer_04,0.06335023021759303,0.032656562705565786,1.2842772006988525,0.9980036020278931,0.9933755178613815,0,0
C_BF16:C_W4A8,C06,layer_05,0.07022750074232867,0.043671029459655425,0.917755126953125,0.9975746273994446,0.9882347087481336,0,0
C_BF16:C_W4A8,C06,layer_06,0.0775252012237712,0.053757498191150305,1.4538898468017578,0.9970574378967285,0.985510769133473,0,0
C_BF16:C_W4A8,C06,layer_07,0.05667640858098038,2.0362066498777533,110.703125,0.9984052777290344,0.9933995783337066,0,0
C_BF16:C_W4A8,C06,layer_08,0.0566547333746137,2.0355863994080545,110.7373046875,0.9984061121940613,0.9933947506946788,0,0
C_BF16:C_W4A8,C06,layer_09,0.05662308829253723,2.034633217143126,110.6884765625,0.998407781124115,0.9933933397009562,0,0
C_BF16:C_W4A8,C06,layer_10,0.05657442819989878,2.0331093630106727,110.62890625,0.9984110593795776,0.9933979455697888,0,0
C_BF16:C_W4A8,C06,layer_11,0.05651500550295664,2.031097219970685,110.4736328125,0.998414158821106,0.9934080196529192,0,0
C_BF16:C_W4A8,C06,layer_12,0.056447349100864075,2.0287887176566923,110.349609375,0.9984184503555298,0.9934097161421563,0,0
C_BF16:C_W4A8,C06,layer_13,0.05637398044320373,2.0265179911897784,110.31640625,0.9984221458435059,0.993404371979425,0,0
C_BF16:C_W4A8,C06,layer_14,0.05629538679432614,2.0243942846683667,110.1923828125,0.9984267354011536,0.9934123926379552,0,0
C_BF16:C_W4A8,C06,layer_15,0.056234987615732784,2.022735501636233,110.0322265625,0.9984303116798401,0.993408992959755,0,0
C_BF16:C_W4A8,C06,layer_16,0.05616449400522353,2.0206271917968937,110.0126953125,0.9984339475631714,0.9934142192474454,0,0
C_BF16:C_W4A8,C06,layer_17,0.5514737657024514,24.413172160075636,9033.801891326904,0.8342042565345764,0.8296443616869532,0,0
C_BF16:C_W4A8,C06,layer_18,0.5531273506994601,24.52066618762434,9073.745487213135,0.8331091403961182,0.8284162365567418,0,0
C_BF16:C_W4A8,C06,layer_19,0.5529626070163992,24.51457586224371,9071.539924621582,0.8332186341285706,0.8284598088421097,0,0
C_BF16:C_W4A8,C06,layer_20,0.5524899022336257,24.49609773173149,9064.504531860352,0.8335334658622742,0.8285396755064998,0,0
C_BF16:C_W4A8,C06,layer_21,0.5521562146959925,24.478105561228844,9057.801258087158,0.833756148815155,0.8286123929712929,0,0
C_BF16:C_W4A8,C06,layer_22,0.551888112706233,24.468743660599316,9054.203090667725,0.8339346051216125,0.8286697807350282,0,0
C_BF16:C_W4A8,C06,layer_23,0.5508114894984265,24.425791279431664,9037.814189910889,0.8346493244171143,0.8288368406073062,0,0
C_BF16:C_W4A8,C06,layer_24,0.5493181862106983,24.367973797271414,9015.786712646484,0.8356374502182007,0.8291032130555579,0,0
C_BF16:C_W4A8,C06,layer_25,0.5475418318123794,24.309541017529163,8993.009506225586,0.8368090391159058,0.8294767784396455,0,0
C_BF16:C_W4A8,C06,layer_26,0.54610123671731,24.270747367309955,8977.600173950195,0.8377555012702942,0.8298417572146508,0,0
C_BF16:C_W4A8,C06,layer_27,0.5445775456437346,24.233685313772252,8962.579483032227,0.8387531638145447,0.830268285746689,0,0
C_BF16:C_W4A8,C06,layer_28,0.5428545978222618,24.198396697339433,8947.23860168457,0.839874267578125,0.8308439737301829,0,0
C_BF16:C_W4A8,C06,layer_29,0.5402444759803672,24.14883768768787,8925.914947509766,0.84156733751297,0.8315680809981754,0,0
C_BF16:C_W4A8,C06,layer_30,0.5373651046538009,24.09598775343468,8902.70816040039,0.8434190154075623,0.8324858844066305,0,0
C_BF16:C_W4A8,C06,layer_31,0.5331218328524964,24.037459840291373,8875.30029296875,0.8461242914199829,0.8341499286665434,0,0
C_BF16:C_W4A8,C06,layer_32,0.5294149637822055,24.00288588304453,8854.488739013672,0.8484548926353455,0.836138096831052,0,0
C_BF16:C_W4A8,C06,layer_33,0.5247938866239695,23.954947056343155,8826.453155517578,0.8513333797454834,0.8381556549051888,0,0
C_BF16:C_W4A8,C06,layer_34,0.5221137140120592,24.046684997370352,8846.189453125,0.852986216545105,0.8394122735280529,0,0
C_BF16:C_W4A8,C06,layer_35,0.15457090071099833,4.7680019367344135,521.83203125,0.9885600209236145,0.9547877674201,0,0
C_BF16:C_W4A8,C06,layer_36,0.44841915624537776,8.240433089537637,525.3288726806641,0.9089509844779968,1.0740869395037267,0,0
C_BF16:C_W4A8,C06,embedding,0.008726543495848367,0.00019715038206662828,0.0009765625,0.9999629855155945,1.0000310610052892,0,0
C_BF16:C_W4A8,C06,prenorm,0.44841915624537776,8.240433089537637,525.3288726806641,0.9089509844779968,1.0740869395037267,0,0
C_BF16:C_W4A8,C06,postnorm,0.27926593617892254,0.8813902522970792,30.242284774780273,0.9610690474510193,1.0015934303178406,0,0
C_BF16:C_W4A8,C07,layer_01,0.05261320274217349,0.01056508174803672,0.2343730926513672,0.9986941814422607,0.9861017834508959,0,0
C_BF16:C_W4A8,C07,layer_02,0.048677448704130925,0.01738137209198928,0.9950790405273438,0.998823881149292,0.9946601920319216,0,0
C_BF16:C_W4A8,C07,layer_03,0.05203154435638297,0.023476243394087312,0.8853988647460938,0.9986470341682434,0.9974158324465069,0,0
C_BF16:C_W4A8,C07,layer_04,0.06295354619443445,0.031730257275487464,1.2842772006988525,0.9980193376541138,0.9958200772645192,0,0
C_BF16:C_W4A8,C07,layer_05,0.06960421580533761,0.042332358240741066,0.917755126953125,0.9975918531417847,0.9917526017773444,0,0
C_BF16:C_W4A8,C07,layer_06,0.0787889914850894,0.05324339640509065,1.4538898468017578,0.9969297647476196,0.9881907055575582,0,0
C_BF16:C_W4A8,C07,layer_07,0.05668055314297161,1.9013830861601462,110.703125,0.9984051585197449,0.993400014899569,0,0
C_BF16:C_W4A8,C07,layer_08,0.056663098976636794,1.900955228032293,110.7373046875,0.9984061121940613,0.9933957859334953,0,0
C_BF16:C_W4A8,C07,layer_09,0.05663740261946009,1.9002741144776494,110.6884765625,0.9984070658683777,0.9933930663020816,0,0
C_BF16:C_W4A8,C07,layer_10,0.056593176048010015,1.8990063341832206,110.62890625,0.9984097480773926,0.9933962689640393,0,0
C_BF16:C_W4A8,C07,layer_11,0.056534503369448,1.8971370488876238,110.4736328125,0.9984131455421448,0.9934046169766552,0,0
C_BF16:C_W4A8,C07,layer_12,0.05647110886677174,1.895146372112371,110.349609375,0.9984169602394104,0.993407467380659,0,0
C_BF16:C_W4A8,C07,layer_13,0.056399811353725654,1.8931143825922996,110.31640625,0.998420238494873,0.9934056865099034,0,0
C_BF16:C_W4A8,C07,layer_14,0.056325797231962585,1.8913028511196603,110.1923828125,0.998424768447876,0.9934130737118032,0,0
C_BF16:C_W4A8,C07,layer_15,0.0562684168405491,1.889861954024204,110.0322265625,0.9984284043312073,0.9934082919519087,0,0
C_BF16:C_W4A8,C07,layer_16,0.05620508558928619,1.888131250012406,110.0126953125,0.9984319806098938,0.9934135787517182,0,0
C_BF16:C_W4A8,C07,layer_17,0.5514480149325969,22.794705715169528,9033.801891326904,0.8342211246490479,0.8296631957532434,0,0
C_BF16:C_W4A8,C07,layer_18,0.5531015334348091,22.895089818901,9073.745487213135,0.8331261277198792,0.8284347113877455,0,0
C_BF16:C_W4A8,C07,layer_19,0.5529286273843014,22.889424985391898,9071.539924621582,0.8332407474517822,0.8284844995364331,0,0
C_BF16:C_W4A8,C07,layer_20,0.5524303411162157,22.87221254349408,9064.504531860352,0.8335728645324707,0.8285830569013891,0,0
C_BF16:C_W4A8,C07,layer_21,0.5520945447471187,22.855445430980136,9057.801258087158,0.833796501159668,0.8286528712238146,0,0
C_BF16:C_W4A8,C07,layer_22,0.551810416561451,22.846748894968822,9054.203090667725,0.8339858651161194,0.8287175770394131,0,0
C_BF16:C_W4A8,C07,layer_23,0.5506932508088089,22.806694186520016,9037.814189910889,0.8347277641296387,0.8289106515649892,0,0
C_BF16:C_W4A8,C07,layer_24,0.5491437121292012,22.752804272303074,9015.786712646484,0.8357516527175903,0.8292184893735977,0,0
C_BF16:C_W4A8,C07,layer_25,0.5472928070713572,22.69832873738896,8993.009506225586,0.836971640586853,0.8296480931454797,0,0
C_BF16:C_W4A8,C07,layer_26,0.545776849719119,22.662212737862266,8977.600173950195,0.8379667401313782,0.830078202408673,0,0
C_BF16:C_W4A8,C07,layer_27,0.544146675232669,22.62785223628193,8962.579483032227,0.8390313982963562,0.8305843096708619,0,0
C_BF16:C_W4A8,C07,layer_28,0.5422969604560829,22.59524393804722,8947.23860168457,0.8402338624000549,0.831254217957976,0,0
C_BF16:C_W4A8,C07,layer_29,0.5394949154157171,22.54919695645435,8925.914947509766,0.8420467972755432,0.8321442178609151,0,0
C_BF16:C_W4A8,C07,layer_30,0.5364539149355805,22.50051365610867,8902.70816040039,0.8439978957176208,0.8331458856286026,0,0
C_BF16:C_W4A8,C07,layer_31,0.5318475571480494,22.44690701525978,8875.30029296875,0.8469237685203552,0.835067138362666,0,0
C_BF16:C_W4A8,C07,layer_32,0.5279045880403984,22.415745639519354,8854.488739013672,0.8493938446044922,0.837194222282277,0,0
C_BF16:C_W4A8,C07,layer_33,0.5228449800171227,22.372396745154255,8826.453155517578,0.8525300025939941,0.8395052363560226,0,0
C_BF16:C_W4A8,C07,layer_34,0.519541009739439,22.45978401714519,8846.189453125,0.8545554280281067,0.8410653673813637,0,0
C_BF16:C_W4A8,C07,layer_35,0.15395635776383443,4.55184776901198,521.83203125,0.9886384606361389,0.9553631660026146,0,0
C_BF16:C_W4A8,C07,layer_36,0.43293754376846616,7.708759260631766,456.3196716308594,0.9142705202102661,1.0669984000466426,0,0
C_BF16:C_W4A8,C07,embedding,0.008762663841711472,0.0002020173958692703,0.0009765625,0.9999628663063049,1.0000308102821143,0,0
C_BF16:C_W4A8,C07,prenorm,0.43293754376846616,7.708759260631766,456.3196716308594,0.9142705202102661,1.0669984000466426,0,0
C_BF16:C_W4A8,C07,postnorm,0.26013645412498604,0.8387160149303798,30.242284774780273,0.9664069414138794,1.0065615962048184,0,0
C_BF16:C_W4A8,C08,layer_01,0.05336591204792659,0.010128057714280362,0.2343730926513672,0.9986529350280762,0.9862246549036754,0,0
C_BF16:C_W4A8,C08,layer_02,0.053217458146687956,0.0159652101414667,0.9950790405273438,0.9986071586608887,0.9916118916713007,0,0
C_BF16:C_W4A8,C08,layer_03,0.059610374040609614,0.02190010583026973,0.8853988647460938,0.9982337951660156,0.9936755943010416,0,0
C_BF16:C_W4A8,C08,layer_04,0.0697795474557121,0.0299984201544527,1.2842645645141602,0.9975689649581909,0.9942198517376808,0,0
C_BF16:C_W4A8,C08,layer_05,0.07733031662570677,0.04226400296361761,0.9177484512329102,0.9970413446426392,0.9888219764382632,0,0
C_BF16:C_W4A8,C08,layer_06,0.0832770336036698,0.054670811233836145,1.453878402709961,0.9965490698814392,0.9899112621070476,0,0
C_BF16:C_W4A8,C08,layer_07,0.05670346364035039,1.3368249119099291,110.703125,0.9984036087989807,0.9933980804418675,0,0
C_BF16:C_W4A8,C08,layer_08,0.056699556353666185,1.3368781964998242,110.7373046875,0.9984040260314941,0.9933949235060832,0,0
C_BF16:C_W4A8,C08,layer_09,0.056691599525523356,1.3368598000153729,110.6884765625,0.9984042048454285,0.9933926687052643,0,0
C_BF16:C_W4A8,C08,layer_10,0.056658579530020854,1.3362552355203756,110.62890625,0.9984064102172852,0.9933951634782797,0,0
C_BF16:C_W4A8,C08,layer_11,0.05661189855805716,1.3352856048387136,110.4736328125,0.9984092116355896,0.9933967817379422,0,0
C_BF16:C_W4A8,C08,layer_12,0.05655915414156452,1.33419615343667,110.349609375,0.998412549495697,0.9933988737073551,0,0
C_BF16:C_W4A8,C08,layer_13,0.0564961411737681,1.3330993679849157,110.31640625,0.9984151721000671,0.993405066797579,0,0
C_BF16:C_W4A8,C08,layer_14,0.05643422894956544,1.3322016614932615,110.1923828125,0.998418927192688,0.9934086172795906,0,0
C_BF16:C_W4A8,C08,layer_15,0.056386721382464866,1.331492112420742,110.0322265625,0.9984216690063477,0.993402113242868,0,0
C_BF16:C_W4A8,C08,layer_16,0.05635082521087396,1.3310569645658499,110.0126953125,0.9984234571456909,0.9934038583399191,0,0
C_BF16:C_W4A8,C08,layer_17,0.5511595851326213,16.01635275649668,9033.79702758789,0.8344107866287231,0.8298507259591452,0,0
C_BF16:C_W4A8,C08,layer_18,0.5527634563199657,16.086972704897715,9073.740619659424,0.8333499431610107,0.8286539855084394,0,0
C_BF16:C_W4A8,C08,layer_19,0.5525404507072522,16.08308407514946,9071.535057067871,0.8334976434707642,0.8287511784143604,0,0
C_BF16:C_W4A8,C08,layer_20,0.5518718994731907,16.07114575627845,9064.499633789062,0.8339416980743408,0.8289579206299494,0,0
C_BF16:C_W4A8,C08,layer_21,0.5514599366212372,16.05950580561247,9057.796352386475,0.8342152833938599,0.8290741478857198,0,0
C_BF16:C_W4A8,C08,layer_22,0.5511160531466075,16.053569173271924,9054.198181152344,0.8344438076019287,0.8291772421311938,0,0
C_BF16:C_W4A8,C08,layer_23,0.5497508399204681,16.0257021589345,9037.80924987793,0.8353472352027893,0.8295229073049741,0,0
C_BF16:C_W4A8,C08,layer_24,0.5478137186887528,15.988280439018478,9015.781730651855,0.8366226553916931,0.8300763997959683,0,0
C_BF16:C_W4A8,C08,layer_25,0.54528694276529,15.950770302229511,8993.004470825195,0.8382778167724609,0.8309755883491216,0,0
C_BF16:C_W4A8,C08,layer_26,0.543207851578159,15.92623135062878,8977.59513092041,0.8396309614181519,0.8317610789693574,0,0
C_BF16:C_W4A8,C08,layer_27,0.5407870679718855,15.903310294198002,8962.574432373047,0.8411992192268372,0.8327991309124922,0,0
C_BF16:C_W4A8,C08,layer_28,0.5379799931384737,15.881992947336888,8947.233520507812,0.843001127243042,0.8340973219240867,0,0
C_BF16:C_W4A8,C08,layer_29,0.5339010000535881,15.852062833318708,8925.90966796875,0.8456032276153564,0.8358168431433612,0,0
C_BF16:C_W4A8,C08,layer_30,0.5287073583231479,15.82161241608246,8902.702758789062,0.8488731980323792,0.8381530387518689,0,0
C_BF16:C_W4A8,C08,layer_31,0.5204096822166792,15.79006273408984,8875.294692993164,0.8539997935295105,0.8424549323552457,0,0
C_BF16:C_W4A8,C08,layer_32,0.512815316004449,15.775346563353638,8854.483032226562,0.8585827946662903,0.8471251097107321,0,0
C_BF16:C_W4A8,C08,layer_33,0.5042018067552912,15.754470577705847,8826.447357177734,0.8636813163757324,0.8512994957126324,0,0
C_BF16:C_W4A8,C08,layer_34,0.49693728264467724,15.82784230320318,8846.183532714844,0.8678860664367676,0.8549354273033544,0,0
C_BF16:C_W4A8,C08,layer_35,0.15020064132632988,3.698073996329988,521.83203125,0.989055871963501,0.9610016875931594,0,0
C_BF16:C_W4A8,C08,layer_36,0.40848250529341895,5.896510417008449,427.69126892089844,0.9221259355545044,1.05317046956235,0,0
C_BF16:C_W4A8,C08,embedding,0.00862484128344159,0.00020309148401603293,0.0010223388671875,0.9999629259109497,1.0000132126580814,0,0
C_BF16:C_W4A8,C08,prenorm,0.40848250529341895,5.896510417008449,427.69126892089844,0.9221259355545044,1.05317046956235,0,0
C_BF16:C_W4A8,C08,postnorm,0.2434006216300286,0.7522794461585115,30.24239444732666,0.970689058303833,1.0091584053253135,0,0
C_BF16:C_W4A8,C09,layer_01,0.05449783693930545,0.01058709888576241,0.2343730926513672,0.9985972046852112,0.9857056499845339,0,0
C_BF16:C_W4A8,C09,layer_02,0.05012106710467184,0.01696320551564572,0.9950790405273438,0.9987664222717285,0.9919718698298949,0,0
C_BF16:C_W4A8,C09,layer_03,0.05968029166045183,0.025655585063258494,0.8853988647460938,0.9982282519340515,0.9937962985811412,0,0
C_BF16:C_W4A8,C09,layer_04,0.06928843388986777,0.03385443001974872,1.2839884757995605,0.9976100325584412,0.9922449118195682,0,0
C_BF16:C_W4A8,C09,layer_05,0.07461791194285348,0.044614639436365,0.9175691604614258,0.9972625374794006,0.9874008558686617,0,0
C_BF16:C_W4A8,C09,layer_06,0.08123841223842879,0.055242206645369676,1.4538459777832031,0.9967638850212097,0.9851494920398843,0,0
C_BF16:C_W4A8,C09,layer_07,0.056681619421778164,1.854504132356778,110.703125,0.9984049201011658,0.9933984670591006,0,0
C_BF16:C_W4A8,C09,layer_08,0.05666113149203214,1.853984265453208,110.7373046875,0.998406171798706,0.9933947357640684,0,0
C_BF16:C_W4A8,C09,layer_09,0.05663283750149855,1.8532376049988581,110.6884765625,0.9984074831008911,0.9933940198230877,0,0
C_BF16:C_W4A8,C09,layer_10,0.056586323834793464,1.8519204384363006,110.62890625,0.9984105825424194,0.993398940830747,0,0
C_BF16:C_W4A8,C09,layer_11,0.05652718386983924,1.8501037800382558,110.4736328125,0.9984138011932373,0.9934066273797032,0,0
C_BF16:C_W4A8,C09,layer_12,0.056458063951226135,1.8479485873993258,110.349609375,0.9984176158905029,0.9934094715865047,0,0
C_BF16:C_W4A8,C09,layer_13,0.056384598713731686,1.8459045328587416,110.31640625,0.998421311378479,0.9934055256707212,0,0
C_BF16:C_W4A8,C09,layer_14,0.05630810581001155,1.8440426943446704,110.1923828125,0.9984259605407715,0.9934139791456792,0,0
C_BF16:C_W4A8,C09,layer_15,0.05625021610273219,1.8426275574228725,110.0322265625,0.9984294772148132,0.9934080946976923,0,0
C_BF16:C_W4A8,C09,layer_16,0.056183505455162756,1.8408511201767919,110.0126953125,0.9984331130981445,0.9934128413379096,0,0
C_BF16:C_W4A8,C09,layer_17,0.5514397045993517,22.231725631319783,9033.80241394043,0.8342263102531433,0.8296676333221682,0,0
C_BF16:C_W4A8,C09,layer_18,0.5530898924114179,22.329622062546772,9073.744590759277,0.8331337571144104,0.8284426140741141,0,0
C_BF16:C_W4A8,C09,layer_19,0.5529156554954061,22.324109121676926,9071.544326782227,0.8332492709159851,0.8284899657342952,0,0
C_BF16:C_W4A8,C09,layer_20,0.5524215674087211,22.307321063246665,9064.5133934021,0.8335786461830139,0.8285834563645731,0,0
C_BF16:C_W4A8,C09,layer_21,0.5520722874444122,22.290953789399822,9057.806552886963,0.8338111639022827,0.8286652697290038,0,0
C_BF16:C_W4A8,C09,layer_22,0.5517911628375892,22.282474085635123,9054.208099365234,0.8339983820915222,0.8287262680512848,0,0
C_BF16:C_W4A8,C09,layer_23,0.5506784492833773,22.243436968582454,9037.826583862305,0.8347373604774475,0.8289150427354408,0,0
C_BF16:C_W4A8,C09,layer_24,0.5490953106070996,22.19089352767939,9015.80029296875,0.8357839584350586,0.8292304372601798,0,0
C_BF16:C_W4A8,C09,layer_25,0.5471921051749797,22.137842178159513,8993.019332885742,0.8370375037193298,0.8296877638233129,0,0
C_BF16:C_W4A8,C09,layer_26,0.5456020020653906,22.102694384360024,8977.611297607422,0.8380805850028992,0.8301599537800676,0,0
C_BF16:C_W4A8,C09,layer_27,0.5439199375478204,22.069156724113846,8962.59341430664,0.8391796350479126,0.8306956996975065,0,0
C_BF16:C_W4A8,C09,layer_28,0.5420626215694115,22.037344777480815,8947.25552368164,0.8403851389884949,0.8313748071973007,0,0
C_BF16:C_W4A8,C09,layer_29,0.5392114894173622,21.992702965514788,8925.944030761719,0.8422291278839111,0.832249781887083,0,0
C_BF16:C_W4A8,C09,layer_30,0.5359923229235791,21.945365726844244,8902.751342773438,0.8442919254302979,0.8333595401267146,0,0
C_BF16:C_W4A8,C09,layer_31,0.5311516414019679,21.893313593766624,8875.356048583984,0.8473613262176514,0.8354232846361611,0,0
C_BF16:C_W4A8,C09,layer_32,0.526683430440449,21.863450184640065,8854.557434082031,0.8501520156860352,0.8379576584900017,0,0
C_BF16:C_W4A8,C09,layer_33,0.5212355589087545,21.82221714142665,8826.535522460938,0.8535134196281433,0.8405311738793328,0,0
C_BF16:C_W4A8,C09,layer_34,0.517567227514009,21.910235779437997,8846.28955078125,0.855750560760498,0.842354420991144,0,0
C_BF16:C_W4A8,C09,layer_35,0.15341956643195429,4.515587890280671,521.83203125,0.9887077808380127,0.9559028302795114,0,0
C_BF16:C_W4A8,C09,layer_36,0.4008174328300394,7.600910181401513,443.46604919433594,0.9253336787223816,1.0553176382463805,0,0
C_BF16:C_W4A8,C09,embedding,0.008750172774338922,0.00020142835306647804,0.0010986328125,0.9999634027481079,0.9999899432239574,0,0
C_BF16:C_W4A8,C09,prenorm,0.4008174328300394,7.600910181401513,443.46604919433594,0.9253336787223816,1.0553176382463805,0,0
C_BF16:C_W4A8,C09,postnorm,0.2615883931622214,0.826206113667214,30.236228942871094,0.9660168886184692,1.0062126297499283,0,0
C_BF16:C_W4A8,C10,layer_01,0.0602999511217743,0.013827736047778719,0.2343730926513672,0.9983031749725342,0.9826815130032195,0,0
C_BF16:C_W4A8,C10,layer_02,0.05488187802049693,0.019319688431608913,0.9950790405273438,0.9985303282737732,0.9900181087447212,0,0
C_BF16:C_W4A8,C10,layer_03,0.058531279694928606,0.02525152258495927,0.8853988647460938,0.998302698135376,0.992582494814402,0,0
C_BF16:C_W4A8,C10,layer_04,0.06869983821948628,0.03397727715658713,1.2842772006988525,0.9976651072502136,0.9903465728970829,0,0
C_BF16:C_W4A8,C10,layer_05,0.07480745008954962,0.04496946452779856,0.917755126953125,0.9972451329231262,0.9876688530164284,0,0
C_BF16:C_W4A8,C10,layer_06,0.08087142268543572,0.0562045130623924,1.4538898468017578,0.9967865347862244,0.985763079147933,0,0
C_BF16:C_W4A8,C10,layer_07,0.05668827527449045,1.7142505507967953,110.703125,0.9984047412872314,0.9933975483250792,0,0
C_BF16:C_W4A8,C10,layer_08,0.05667283439024231,1.7139339908058784,110.7373046875,0.9984052777290344,0.9933936818884763,0,0
C_BF16:C_W4A8,C10,layer_09,0.05664988734963807,1.7134064956482782,110.6884765625,0.9984064102172852,0.9933930014663472,0,0
C_BF16:C_W4A8,C10,layer_10,0.05660546227891726,1.712269139326564,110.62890625,0.9984091520309448,0.9933955790528264,0,0
C_BF16:C_W4A8,C10,layer_11,0.05654472278795963,1.7105399625238447,110.4736328125,0.9984127283096313,0.9934054970414398,0,0
C_BF16:C_W4A8,C10,layer_12,0.0564780376347298,1.708640397827488,110.349609375,0.998416543006897,0.9934083541355051,0,0
C_BF16:C_W4A8,C10,layer_13,0.05640478384784948,1.7067899187206095,110.31640625,0.998420238494873,0.9934048141337478,0,0
C_BF16:C_W4A8,C10,layer_14,0.056331768208391766,1.7052010001298956,110.1923828125,0.9984248876571655,0.9934127062264976,0,0
C_BF16:C_W4A8,C10,layer_15,0.056275123772258476,1.70396125942742,110.0322265625,0.9984279274940491,0.9934033495032331,0,0
C_BF16:C_W4A8,C10,layer_16,0.05620986403383104,1.7023961340467417,110.0126953125,0.9984320998191833,0.9934036753299417,0,0
C_BF16:C_W4A8,C10,layer_17,0.5513783005577965,20.546902020702362,9033.801891326904,0.8342665433883667,0.8297022277797937,0,0
C_BF16:C_W4A8,C10,layer_18,0.5530187323933156,20.637390993490193,9073.745487213135,0.8331809639930725,0.8284828680152941,0,0
C_BF16:C_W4A8,C10,layer_19,0.5528338570405736,20.632295931375886,9071.539924621582,0.8333039283752441,0.8285386592376104,0,0
C_BF16:C_W4A8,C10,layer_20,0.5523031704640302,20.61680352536816,9064.504531860352,0.8336572647094727,0.8286574602652572,0,0
C_BF16:C_W4A8,C10,layer_21,0.5519392803485654,20.60171225740609,9057.801258087158,0.8338993191719055,0.828750603666153,0,0
C_BF16:C_W4A8,C10,layer_22,0.5516302393532437,20.593922530964083,9054.203090667725,0.8341049551963806,0.8288307240992313,0,0
C_BF16:C_W4A8,C10,layer_23,0.5504612987878321,20.55788786970973,9037.814189910889,0.8348796367645264,0.8290613460614549,0,0
C_BF16:C_W4A8,C10,layer_24,0.54881618206204,20.50940709674672,9015.786712646484,0.8359664082527161,0.8294243802299759,0,0
C_BF16:C_W4A8,C10,layer_25,0.5467691977108476,20.460583067292195,8993.009506225586,0.8373132348060608,0.8299926080829569,0,0
C_BF16:C_W4A8,C10,layer_26,0.545036697846656,20.42831688505063,8977.600173950195,0.8384477496147156,0.8305658152987964,0,0
C_BF16:C_W4A8,C10,layer_27,0.5431510371053996,20.3976820182605,8962.579483032227,0.8396761417388916,0.8312281858934141,0,0
C_BF16:C_W4A8,C10,layer_28,0.5409967820678273,20.36876603630973,8947.23860168457,0.8410710096359253,0.8320940675268463,0,0
C_BF16:C_W4A8,C10,layer_29,0.5376893492006725,20.32842568931514,8925.914947509766,0.8432015180587769,0.8332603754502215,0,0
C_BF16:C_W4A8,C10,layer_30,0.5338550292654392,20.286263131260757,8902.70816040039,0.8456466197967529,0.8347406951584775,0,0
C_BF16:C_W4A8,C10,layer_31,0.5284406542656603,20.239345652535075,8875.30029296875,0.8490543961524963,0.8372024854355079,0,0
C_BF16:C_W4A8,C10,layer_32,0.5237546382498961,20.21317702652668,8854.488739013672,0.8519601821899414,0.8397767271455618,0,0
C_BF16:C_W4A8,C10,layer_33,0.5183404920166287,20.177116405060573,8826.453155517578,0.8552768230438232,0.8422188422319847,0,0
C_BF16:C_W4A8,C10,layer_34,0.514834865913271,20.259527984517852,8846.189453125,0.8574011325836182,0.8437804675014989,0,0
C_BF16:C_W4A8,C10,layer_35,0.15478078297162506,4.265614635842748,521.83203125,0.988494336605072,0.9557512489700921,0,0
C_BF16:C_W4A8,C10,layer_36,0.43182374502146836,7.019079906364595,346.178466796875,0.9141576886177063,1.0630011294878183,0,0
C_BF16:C_W4A8,C10,embedding,0.0088249822582688,0.00020971696557919978,0.0010986328125,0.999963104724884,1.0000325976954352,0,0
C_BF16:C_W4A8,C10,prenorm,0.43182374502146836,7.019079906364595,346.178466796875,0.9141576886177063,1.0630011294878183,0,0
C_BF16:C_W4A8,C10,postnorm,0.3185047505806242,0.8306736359271143,30.242284774780273,0.9490665793418884,0.9956620707348786,0,0
