pid,position,label,rel_l2,cosine,rmse
C01,0,embed,0.00859317986168373,0.9999630803000701,0.00019529198435528386
C01,1,layer_1,0.007422966753812636,0.999972451726153,0.0015057879363576919
C01,2,layer_2,0.006838733495568151,0.99997812048282,0.002507256737754252
C01,3,layer_3,0.0070051724974373964,0.9999755141340162,0.003240772000242931
C01,4,layer_4,0.008194937766505315,0.9999664960479515,0.004272313271511628
C01,5,layer_5,0.00896837134336301,0.9999600289703157,0.005651826664898316
C01,6,layer_6,0.009978576115271748,0.9999503022365144,0.006868695533872343
C01,7,layer_7,0.008139766051084659,0.9999744996256662,0.30143259747555395
C01,8,layer_8,0.008137861590206952,0.9999745164913563,0.3013841554186011
C01,9,layer_9,0.00813381717192013,0.9999745474970237,0.3012598610926575
C01,10,layer_10,0.008127988783313425,0.999974592967701,0.3010790727487092
C01,11,layer_11,0.008122327149148413,0.9999746405725602,0.3008840673495468
C01,12,layer_12,0.00811549161666067,0.9999747007063423,0.3006467206328356
C01,13,layer_13,0.008107357877391854,0.9999747651088395,0.3003982211098416
C01,14,layer_14,0.00809888029655234,0.9999748341395615,0.3001862276102834
C01,15,layer_15,0.008089655777670802,0.9999749068668113,0.2999183633055143
C01,16,layer_16,0.008082852339559818,0.9999749567293598,0.29972659632749965
C01,17,layer_17,0.024761801501098777,0.9997517171447652,1.1298656657749129
C01,18,layer_18,0.024766030016317712,0.9997522037383835,1.1316309472500172
C01,19,layer_19,0.02476232529925685,0.999752275465141,1.1315119276284231
C01,20,layer_20,0.024760010906093484,0.9997522856282939,1.131500310809819
C01,21,layer_21,0.0247640657927856,0.9997521797503494,1.1315259731044438
C01,22,layer_22,0.024761304819019708,0.9997521746743047,1.1315131825887434
C01,23,layer_23,0.024754201859411462,0.9997522030075354,1.1313702452766068
C01,24,layer_24,0.024750621673728324,0.9997521379566787,1.131560634974951
C01,25,layer_25,0.024741375665386967,0.9997520909495089,1.1320150027981246
C01,26,layer_26,0.024717566628341504,0.9997523875866496,1.1320537164981512
C01,27,layer_27,0.02470965455207858,0.9997522845334298,1.1329836077110567
C01,28,layer_28,0.0246961328578329,0.9997520934749605,1.1341338522853501
C01,29,layer_29,0.024677035117452707,0.9997520116931613,1.1360673790293747
C01,30,layer_30,0.024654816301130034,0.999751743551296,1.1381753255574207
C01,31,layer_31,0.024632660356634827,0.9997513070105498,1.1424329706353993
C01,32,layer_32,0.02463133955407999,0.9997501185586941,1.1479161697621696
C01,33,layer_33,0.02465074405452618,0.9997484115029601,1.1556603198354893
C01,34,layer_34,0.024685267858311252,0.9997460255252388,1.1665759778649891
C01,35,layer_35,0.020759918786248253,0.9997944462041525,0.6483778147095407
C01,36,layer_36,0.04746797917122502,0.9989021047433569,0.8812517246108535
C02,0,embed,0.008619016005185437,0.9999628557241622,0.00019947971060540822
C02,1,layer_1,0.007191212125793904,0.9999741458133261,0.00139397137666138
C02,2,layer_2,0.006879773057940523,0.9999773095338537,0.002322363942389153
C02,3,layer_3,0.007266996451687783,0.999973602914346,0.0031001165679930627
C02,4,layer_4,0.00852217078622244,0.9999637294385,0.004138593872153774
C02,5,layer_5,0.00917366596145003,0.9999583380226541,0.005384825672384056
C02,6,layer_6,0.00992112594355051,0.9999509687147926,0.006586705182509958
C02,7,layer_7,0.008139925609260789,0.999974497434646,0.2631299811075281
C02,8,layer_8,0.00813812742577827,0.9999745136009945,0.26309337593321097
C02,9,layer_9,0.008134337887124036,0.9999745432977633,0.26299540606974514
C02,10,layer_10,0.008128617603394379,0.9999745876374092,0.2628418925718068
C02,11,layer_11,0.008123155120715982,0.999974632845903,0.26268003868513146
C02,12,layer_12,0.008116377366798894,0.9999746920971003,0.26247858944713537
C02,13,layer_13,0.008108554590241512,0.9999747530973883,0.26227683553042064
C02,14,layer_14,0.008100199516226262,0.9999748215203399,0.26209984430332717
C02,15,layer_15,0.008090885967668071,0.999974895592787,0.2618651129569763
C02,16,layer_16,0.00808453124237646,0.9999749399794001,0.26171918574024
C02,17,layer_17,0.02475987833533586,0.9997517291924022,0.9862656133514448
C02,18,layer_18,0.02476373455580994,0.9997522146397497,0.9878199020644032
C02,19,layer_19,0.02475977538591405,0.999752292385073,0.9877268362091872
C02,20,layer_20,0.024756231933749536,0.9997523149925606,0.9877372159008098
C02,21,layer_21,0.024759923828598478,0.9997522118699242,0.987774766471618
C02,22,layer_22,0.02475690069646596,0.9997522049947646,0.9877774392432681
C02,23,layer_23,0.02474760978575225,0.9997522532414208,0.9876912695779009
C02,24,layer_24,0.024741033499188707,0.9997522200205907,0.9879208707426357
C02,25,layer_25,0.024725431748880197,0.9997522291034455,0.9884046874610245
C02,26,layer_26,0.024699101859789123,0.9997525260772221,0.988554070462523
C02,27,layer_27,0.024685288717436853,0.9997524788380739,0.9895170108640478
C02,28,layer_28,0.024664229792736445,0.9997523111863967,0.9907409228234365
C02,29,layer_29,0.024632514234854772,0.9997523301201245,0.9927000290886089
C02,30,layer_30,0.02459009155110163,0.99975217826736,0.994944661188949
C02,31,layer_31,0.024527404408352268,0.9997519295684246,0.9993687063733991
C02,32,layer_32,0.02448504656300491,0.9997510358352948,1.0050355487170133
C02,33,layer_33,0.024462374920598228,0.9997496279850354,1.0128821938211559
C02,34,layer_34,0.024464880216005014,0.9997473644034057,1.0238597348065641
C02,35,layer_35,0.02031022133144831,0.9998029366667756,0.5881529863138779
C02,36,layer_36,0.046016183466899105,0.998969909627368,0.7930392433714168
C03,0,embed,0.008872423464851203,0.9999606407122481,0.0002044820265523201
C03,1,layer_1,0.0072725700062583176,0.999973590419878,0.0014231792861849701
C03,2,layer_2,0.006815174137822716,0.9999777515780323,0.002323968361540418
C03,3,layer_3,0.0072370527963923174,0.9999738158342798,0.003112991687300131
C03,4,layer_4,0.008328818903034873,0.9999653148344892,0.004080020812049851
C03,5,layer_5,0.009011112966781984,0.9999596034751534,0.005303595427239145
C03,6,layer_6,0.009926418670842518,0.9999507769115282,0.006604839968719049
C03,7,layer_7,0.008139957518997902,0.9999744965669435,0.26631836360396677
C03,8,layer_8,0.008138103583657047,0.9999745133840642,0.2662794590578871
C03,9,layer_9,0.008134367374841836,0.9999745422627627,0.26618389619408833
C03,10,layer_10,0.008128637463035814,0.9999745867134225,0.2660267790892885
C03,11,layer_11,0.00812300729848789,0.9999746341301129,0.26585542278512575
C03,12,layer_12,0.008116316610698492,0.9999746932115453,0.2656546506624306
C03,13,layer_13,0.00810818512332617,0.9999747559960847,0.2654402506516146
C03,14,layer_14,0.008099743335265605,0.9999748251288949,0.2652562165987367
C03,15,layer_15,0.008090479125095999,0.9999748982965441,0.2650216206286939
C03,16,layer_16,0.008083985624527452,0.9999749447334528,0.2648656539673154
C03,17,layer_17,0.024760053945907513,0.999751735716879,0.9982070334177804
C03,18,layer_18,0.024764045060055643,0.9997522223066533,0.9997741375134337
C03,19,layer_19,0.024759949388460854,0.9997522995033915,0.9996765157778698
C03,20,layer_20,0.024756607889880735,0.9997523166103439,0.9996780328371518
C03,21,layer_21,0.02476023286804263,0.9997522132793979,0.9997160521800398
C03,22,layer_22,0.02475704454268005,0.9997522105565332,0.9997205068045666
C03,23,layer_23,0.02474791694830766,0.9997522561280372,0.9996207801631926
C03,24,layer_24,0.024740315475145956,0.9997522394086987,0.9998362198344268
C03,25,layer_25,0.024725323739397526,0.9997522585927272,1.0003145588713447
C03,26,layer_26,0.024698337587644777,0.9997525974662296,1.0004081392947657
C03,27,layer_27,0.024681998221911174,0.9997526107358319,1.0013217528280216
C03,28,layer_28,0.024662795298415422,0.9997524501743811,1.0024969388252072
C03,29,layer_29,0.024630013216741298,0.9997525070402242,1.0043844219775535
C03,30,layer_30,0.024590691568103548,0.9997524177172666,1.0064812504999379
C03,31,layer_31,0.024533478093929813,0.9997523501944299,1.0106331569897302
C03,32,layer_32,0.024501781305597704,0.9997515135091889,1.0158984148701056
C03,33,layer_33,0.024483190004609075,0.9997502669150757,1.0233101973703207
C03,34,layer_34,0.024464766283834982,0.9997487135256793,1.0338352304589153
C03,35,layer_35,0.02029289142497795,0.9998023743911139,0.5913586732738146
C03,36,layer_36,0.04565386843380124,0.9989796100681616,0.803561873381509
C04,0,embed,0.008686907986301624,0.9999622696236622,0.00019700215905601597
C04,1,layer_1,0.007461206788319083,0.9999721692032933,0.0015147432191982828
C04,2,layer_2,0.007032589546825182,0.9999765597300373,0.0025742662338571758
C04,3,layer_3,0.007150163097439716,0.9999744706833646,0.003316240624413198
C04,4,layer_4,0.00826914246753822,0.9999658449201548,0.004279515005844052
C04,5,layer_5,0.0089770315483272,0.9999600346837516,0.0055302852009431296
C04,6,layer_6,0.009977414296701457,0.9999503301758317,0.006793187814280076
C04,7,layer_7,0.008139849521630018,0.9999744988007462,0.2968328004560227
C04,8,layer_8,0.008137836609001031,0.9999745168006351,0.29678121528641654
C04,9,layer_9,0.008133773807266627,0.9999745479328862,0.2966586128503426
C04,10,layer_10,0.008127783850069634,0.9999745940011964,0.296473514358109
C04,11,layer_11,0.0081221390238431,0.9999746419635926,0.2962815423446052
C04,12,layer_12,0.008115189716157786,0.999974703595274,0.2960435257257768
C04,13,layer_13,0.008107174077055702,0.9999747666222245,0.2958026505341136
C04,14,layer_14,0.008098742177658968,0.9999748353562251,0.29559481588791825
C04,15,layer_15,0.008089724521439965,0.9999749069673567,0.2953378753988479
C04,16,layer_16,0.008083250637134224,0.9999749545953257,0.2951605583956528
C04,17,layer_17,0.02474915815834495,0.999751944146,1.1120354085733666
C04,18,layer_18,0.024753322365444027,0.999752430743083,1.1137752062078623
C04,19,layer_19,0.024749615664265076,0.9997525033550576,1.113660964072525
C04,20,layer_20,0.024747459151702223,0.9997525119079975,1.113653307732511
C04,21,layer_21,0.024751600726561632,0.9997524022173941,1.1136876817978705
C04,22,layer_22,0.024748879593943306,0.9997523945690139,1.1136819684989074
C04,23,layer_23,0.024741667175544945,0.9997524212607712,1.113547609712239
C04,24,layer_24,0.02473785752796807,0.9997523597703579,1.113747403769355
C04,25,layer_25,0.024728535314628798,0.9997523223638393,1.1142101115268068
C04,26,layer_26,0.02470504281872553,0.9997526132033038,1.1142581070046318
C04,27,layer_27,0.024697209207710073,0.9997525195637089,1.115185408714325
C04,28,layer_28,0.02468496594924375,0.9997523021004898,1.1163337549062464
C04,29,layer_29,0.02466369690450555,0.9997522551464308,1.1182758246659263
C04,30,layer_30,0.02463792663432947,0.9997520377838174,1.120360843138225
C04,31,layer_31,0.02461004137299262,0.9997517035808277,1.1245544149314162
C04,32,layer_32,0.024609392460679624,0.9997504321944582,1.1301238919850798
C04,33,layer_33,0.024622993849263718,0.9997488030714058,1.1377207905135343
C04,34,layer_34,0.024647894001712047,0.999746544237176,1.1486538563477466
C04,35,layer_35,0.020696315363872224,0.9997954124666667,0.641440482806819
C04,36,layer_36,0.047231628673917204,0.9989087700846415,0.869516143349355
C05,0,embed,0.008811857498586201,0.9999611755206541,0.00020096752777044717
C05,1,layer_1,0.007559997569840638,0.9999714235071147,0.0015360174148645574
C05,2,layer_2,0.006984285780140891,0.9999767601697163,0.002431843199550933
C05,3,layer_3,0.007230047310428874,0.9999738954363697,0.003158782467697656
C05,4,layer_4,0.00850396611977703,0.9999638693265931,0.0042419113718521525
C05,5,layer_5,0.009218442679307607,0.9999579662153636,0.0055343706998707025
C05,6,layer_6,0.010018153884396188,0.9999500408737222,0.006761146484316686
C05,7,layer_7,0.008139954296444558,0.9999744972893879,0.2730600053101267
C05,8,layer_8,0.008138140591813784,0.9999745136905192,0.2730215219751534
C05,9,layer_9,0.008134313178331142,0.9999745429258571,0.27291983727721975
C05,10,layer_10,0.00812829440674911,0.9999745897920806,0.27274870120030226
C05,11,layer_11,0.008122990828206347,0.9999746352130806,0.2725856362950294
C05,12,layer_12,0.008116461517525903,0.9999746940569375,0.27238326649637346
C05,13,layer_13,0.00810859595322278,0.9999747537745538,0.27217206517547027
C05,14,layer_14,0.008099909134719198,0.9999748253119608,0.271974991091557
C05,15,layer_15,0.008090731201122853,0.9999748967744424,0.2717355537935545
C05,16,layer_16,0.008084009088820857,0.9999749451824582,0.27156890134338674
C05,17,layer_17,0.024747155624011193,0.9997519656938272,1.0229416989057762
C05,18,layer_18,0.024751025707448436,0.9997524557458389,1.0245409824347271
C05,19,layer_19,0.02474711838238523,0.9997525328555789,1.0244363862519206
C05,20,layer_20,0.024743814784598958,0.9997525547507887,1.024432653684197
C05,21,layer_21,0.02474762365611577,0.9997524514852058,1.0244631304737013
C05,22,layer_22,0.02474450065333833,0.99975244895198,1.024458028889268
C05,23,layer_23,0.024735575210915895,0.9997525041632259,1.0243499242457668
C05,24,layer_24,0.02472901670116282,0.9997524817945327,1.0245466451622083
C05,25,layer_25,0.024716260985631656,0.9997524664678225,1.0250072681129827
C05,26,layer_26,0.024689817069680098,0.9997527984431138,1.025097394986757
C05,27,layer_27,0.024677131254751863,0.999752739265055,1.026062490815185
C05,28,layer_28,0.02465860381920718,0.9997525811199787,1.0272565987805158
C05,29,layer_29,0.024630347185492906,0.9997525660374044,1.0292358729971403
C05,30,layer_30,0.024592416652667454,0.9997524106289524,1.0314938571767425
C05,31,layer_31,0.024537999477876757,0.9997522493904262,1.0359227343219475
C05,32,layer_32,0.024501267125966716,0.9997514156933666,1.0415538716802777
C05,33,layer_33,0.02448431732369813,0.999750076743747,1.0492623166264956
C05,34,layer_34,0.02447051914002016,0.9997483100391528,1.0599837843349205
C05,35,layer_35,0.020197325636812258,0.9998051738108724,0.6004346174605315
C05,36,layer_36,0.046264992716960704,0.9989593587801804,0.811926489329605
C06,0,embed,0.008726543495848367,0.9999619253843363,0.00019715038206662825
C06,1,layer_1,0.007446271940396852,0.9999722811440594,0.0014949206370063865
C06,2,layer_2,0.007468764046857101,0.9999731702264801,0.002744689891536115
C06,3,layer_3,0.007532611599326235,0.9999716395994598,0.003470666524129514
C06,4,layer_4,0.00854998896751223,0.999963470819481,0.004407454398988737
C06,5,layer_5,0.00911407828059546,0.9999587078496793,0.005667597121957862
C06,6,layer_6,0.009960065317128602,0.9999505092980573,0.0069065050437447754
C06,7,layer_7,0.00813969720860437,0.9999744998734916,0.2924339420778524
C06,8,layer_8,0.00813754200438663,0.9999745187550189,0.29237927428254024
C06,9,layer_9,0.008133308095664303,0.9999745515401883,0.29225355443705514
C06,10,layer_10,0.008126924164444271,0.9999746010580027,0.2920564314468506
C06,11,layer_11,0.008121285088126498,0.9999746491116097,0.29187150241398024
C06,12,layer_12,0.008114337899456248,0.9999747108363085,0.291639509098193
C06,13,layer_13,0.00810613577164108,0.9999747758108763,0.29139737607861926
C06,14,layer_14,0.008097190006441293,0.9999748484510467,0.2911767038887257
C06,15,layer_15,0.008087689072181634,0.999974924304123,0.29090885418670975
C06,16,layer_16,0.008080542627246074,0.9999749767570963,0.29071327795756713
C06,17,layer_17,0.024747344035391697,0.9997519715588814,1.0955392767796865
C06,18,layer_18,0.024751288368855297,0.9997524626293086,1.0972483624952585
C06,19,layer_19,0.02474744433599842,0.9997525405828364,1.0971322362010802
C06,20,layer_20,0.024744609958905626,0.9997525566138256,1.0971175788668264
C06,21,layer_21,0.024748401109040873,0.9997524545847769,1.0971423642352214
C06,22,layer_22,0.024745512363697455,0.9997524476537635,1.097127451809779
C06,23,layer_23,0.024737577241926625,0.9997524891528877,1.0969903678304438
C06,24,layer_24,0.024733096300199004,0.9997524398947294,1.0971700149346026
C06,25,layer_25,0.024722160542669257,0.9997524148106555,1.0976044949199164
C06,26,layer_26,0.024697504631778056,0.999752726112176,1.0976479363498384
C06,27,layer_27,0.024686685751566066,0.9997526585706593,1.0985568147806153
C06,28,layer_28,0.024670197018133024,0.9997524983872579,1.099703707845829
C06,29,layer_29,0.02464472041333174,0.9997524899745168,1.1016148791526381
C06,30,layer_30,0.024614342373366526,0.9997522832338891,1.1037316849399676
C06,31,layer_31,0.024572658296426,0.9997520501781544,1.1079349045023439
C06,32,layer_32,0.024556997659410686,0.9997509908168843,1.1133776957077433
C06,33,layer_33,0.024559564529130093,0.9997494483775734,1.1210554905791248
C06,34,layer_34,0.02457533767487242,0.9997472984034684,1.131851908716607
C06,35,layer_35,0.020434880327270224,0.9998009240840023,0.6303485877949219
C06,36,layer_36,0.04669755089811538,0.9989396190851034,0.858143632496062
C07,0,embed,0.008762663841711475,0.999961609518657,0.00020201739586927028
C07,1,layer_1,0.007382488008863343,0.9999727511332045,0.0014824527923107426
C07,2,layer_2,0.006839175228410786,0.9999776052734816,0.002442080524184237
C07,3,layer_3,0.007431010631641676,0.9999724515764712,0.003352816381109054
C07,4,layer_4,0.008549932286104442,0.9999634757609901,0.0043093926796152005
C07,5,layer_5,0.009177533729968523,0.9999579941826813,0.005581653943348449
C07,6,layer_6,0.010047920594358651,0.9999495558096031,0.006790103657483492
C07,7,layer_7,0.008139988704612234,0.9999744969886615,0.2730607939806788
C07,8,layer_8,0.008138249602539262,0.9999745127229678,0.2730250976099401
C07,9,layer_9,0.008134603106642997,0.9999745403199761,0.2729287537947794
C07,10,layer_10,0.008128845927220556,0.9999745847342039,0.2727666298900565
C07,11,layer_11,0.008123384918087645,0.9999746306588237,0.2725976805662827
C07,12,layer_12,0.008116831496234834,0.9999746882028457,0.27239740943333096
C07,13,layer_13,0.008109104889396358,0.999974747752309,0.2721899724058391
C07,14,layer_14,0.00810087701267556,0.9999748145722698,0.27201056254110306
C07,15,layer_15,0.008091878528455547,0.9999748858886154,0.27177827680576316
C07,16,layer_16,0.008085897275661008,0.9999749292106704,0.27163441120130954
C07,17,layer_17,0.02474755704826032,0.9997519572448493,1.0229672875935782
C07,18,layer_18,0.02475192465051411,0.9997524374950842,1.0245813902285568
C07,19,layer_19,0.024748304337712437,0.9997525078168523,1.0244983305232116
C07,20,layer_20,0.024745452358234415,0.9997525174663033,1.02453323740118
C07,21,layer_21,0.02475023673720236,0.9997523884309663,1.024602924504651
C07,22,layer_22,0.024747791167018484,0.9997523673459814,1.0246391759352051
C07,23,layer_23,0.02473895339534351,0.9997524103847683,1.024551769525948
C07,24,layer_24,0.02473397718634881,0.9997523393285116,1.02480886035201
C07,25,layer_25,0.024722438494473406,0.9997522948162787,1.0253342066384281
C07,26,layer_26,0.024697056899645752,0.9997525808606746,1.0254923010144112
C07,27,layer_27,0.024685321432039737,0.9997524812083924,1.0265169874105573
C07,28,layer_28,0.024668359945504714,0.9997522597561024,1.0278272812951936
C07,29,layer_29,0.024639897106515672,0.9997522339823401,1.029870489907123
C07,30,layer_30,0.024608938766136207,0.9997519586534203,1.0321739619260215
C07,31,layer_31,0.024563029303508215,0.999751668577091,1.036695623357838
C07,32,layer_32,0.02454865236736459,0.9997504810700404,1.0423784140662091
C07,33,layer_33,0.024545536202619463,0.9997488667488033,1.050296924012864
C07,34,layer_34,0.024549779474284526,0.9997467784129487,1.0612882030958537
C07,35,layer_35,0.020467269389474928,0.9997995846221233,0.6051318429549216
C07,36,layer_36,0.045868776773506974,0.9989712802695253,0.8167260216077553
C08,0,embed,0.008624841283441593,0.9999628066351284,0.00020309148401603293
C08,1,layer_1,0.007369184527943243,0.9999728557030799,0.0013985618036317423
C08,2,layer_2,0.0074879523174866515,0.9999722722858795,0.0022463818536476226
C08,3,layer_3,0.008013403395589645,0.9999678941332678,0.0029440241778140716
C08,4,layer_4,0.009259656477065179,0.9999571671684426,0.0039807518909641005
C08,5,layer_5,0.010036258359887825,0.9999500753062383,0.005485202590325324
C08,6,layer_6,0.010615414133304938,0.9999440439448131,0.0069689478255556495
C08,7,layer_7,0.008142008269518108,0.9999744747902377,0.19195369716220007
C08,8,layer_8,0.008141641033217552,0.9999744782615163,0.19196591791907733
C08,9,layer_9,0.008139928152134235,0.9999744908768825,0.19194982700569813
C08,10,layer_10,0.008135773807380415,0.9999745227420112,0.19187686022661676
C08,11,layer_11,0.008131300139250756,0.9999745619388345,0.19179021197158436
C08,12,layer_12,0.008125169648594199,0.9999746125790652,0.1916678255838181
C08,13,layer_13,0.008117559762458456,0.999974668398107,0.1915442995589351
C08,14,layer_14,0.008110513927634323,0.9999747259488173,0.19145898386622284
C08,15,layer_15,0.008101436930380363,0.9999747948482335,0.1913038940304307
C08,16,layer_16,0.00809671575584847,0.9999748241087915,0.191251678331258
C08,17,layer_17,0.0247361201820149,0.9997520916601665,0.7188161783794569
C08,18,layer_18,0.024738743829483514,0.9997525928332827,0.7199670893366398
C08,19,layer_19,0.024733218621011934,0.9997526934353492,0.7199227387272862
C08,20,layer_20,0.02472338857378611,0.9997527884519619,0.7199735694781756
C08,21,layer_21,0.02472492415624651,0.9997527228046093,0.720034288371668
C08,22,layer_22,0.024720263188126902,0.9997527272094696,0.7200814652490214
C08,23,layer_23,0.024702264481500594,0.9997528942184325,0.7200919116176637
C08,24,layer_24,0.02468260264637167,0.9997530144801955,0.7203769449579142
C08,25,layer_25,0.02464616690508507,0.9997532564435091,0.7209513309447253
C08,26,layer_26,0.024600708297921242,0.9997538181896239,0.721264559420005
C08,27,layer_27,0.024561589468217796,0.9997540480817595,0.722300146888986
C08,28,layer_28,0.024512535343301046,0.9997541302903635,0.7236475675842369
C08,29,layer_29,0.02444176296855532,0.9997546109746821,0.7257007615563879
C08,30,layer_30,0.02433789523091684,0.999755034603981,0.72831357329326
C08,31,layer_31,0.024159813422869072,0.9997562399623968,0.7330474098138732
C08,32,layer_32,0.024020017121949164,0.9997566716984263,0.7389094723394277
C08,33,layer_33,0.02390114502285113,0.9997565338888212,0.7468237538837976
C08,34,layer_34,0.023787188503863015,0.9997558976605507,0.757640615073166
C08,35,layer_35,0.018870949088807813,0.9998277109732356,0.46461962808654583
C08,36,layer_36,0.04272995737598209,0.9991039547822904,0.616813781547039
C09,0,embed,0.00875017277433892,0.9999617169037746,0.00020142835306647804
C09,1,layer_1,0.007457988843578368,0.9999721940762716,0.0014488366843590198
C09,2,layer_2,0.006951034768158023,0.9999769982872628,0.0023525403214666395
C09,3,layer_3,0.007321259088708766,0.9999732807231326,0.0031472900030247116
C09,4,layer_4,0.00856260158930998,0.9999634264297192,0.004183699645356012
C09,5,layer_5,0.009320297506536549,0.9999571752545042,0.00557267955999986
C09,6,layer_6,0.010055776582875835,0.999949585855272,0.006837938761537636
C09,7,layer_7,0.00814001046469718,0.9999744962167374,0.26632413114166836
C09,8,layer_8,0.008138041769332856,0.999974513680063,0.2662813289223668
C09,9,layer_9,0.008134160762743379,0.9999745431635734,0.26618006929676985
C09,10,layer_10,0.008128099468824574,0.9999745904799383,0.26601115803008113
C09,11,layer_11,0.008122418878175356,0.999974639008195,0.26584232294621146
C09,12,layer_12,0.008115483191523698,0.9999747010720856,0.26563071154537404
C09,13,layer_13,0.008107547103326439,0.9999747628478975,0.26542279788808215
C09,14,layer_14,0.0080990516629821,0.9999748327384693,0.2652370708514596
C09,15,layer_15,0.00808987332994017,0.9999749039432902,0.26500562249543913
C09,16,layer_16,0.008083070628111831,0.9999749541089646,0.2648416025251712
C09,17,layer_17,0.024759575922115373,0.999751734906614,0.9982017871713061
C09,18,layer_18,0.024763566147999853,0.9997522235419992,0.9997670913761444
C09,19,layer_19,0.024759477395493616,0.9997523071045699,0.9996701480218465
C09,20,layer_20,0.024756001682478254,0.9997523312239336,0.9996714653335205
C09,21,layer_21,0.024759354960541664,0.9997522305445383,0.999705382488245
C09,22,layer_22,0.02475628398706024,0.9997522229613955,0.9997102047838491
C09,23,layer_23,0.024747333442463704,0.9997522750049825,0.9996137533333208
C09,24,layer_24,0.024739885130042185,0.9997522623821635,0.9998267080459845
C09,25,layer_25,0.0247250139263372,0.9997522823306167,1.000304008368335
C09,26,layer_26,0.024695627624844216,0.9997526580157319,1.0004360467072893
C09,27,layer_27,0.024680083043508237,0.9997526452942086,1.0013764582833105
C09,28,layer_28,0.024661345712985717,0.9997524714949549,1.0025974057761393
C09,29,layer_29,0.02462935262448445,0.9997525558396957,1.00455210457123
C09,30,layer_30,0.02458970670620142,0.9997524942767939,1.0067870073959202
C09,31,layer_31,0.024528956765224142,0.9997525233815787,1.0110486360760078
C09,32,layer_32,0.024492445647712448,0.9997517144605521,1.0167195973318282
C09,33,layer_33,0.02447507852012549,0.9997504385179351,1.0246815837695917
C09,34,layer_34,0.024483821510696543,0.9997482241362374,1.0364765649048286
C09,35,layer_35,0.020250023660531403,0.9998024272855021,0.5960175989674525
C09,36,layer_36,0.04244254892050687,0.9991170048617994,0.8048602076430549
C10,0,embed,0.008824982258268797,0.9999610616446761,0.00020971696557919978
C10,1,layer_1,0.008022511865401235,0.9999678322034717,0.0018396893272918694
C10,2,layer_2,0.007433949963009595,0.9999729491928415,0.002616922056637498
C10,3,layer_3,0.007669857377455232,0.9999705948489015,0.003308924352922093
C10,4,layer_4,0.008959061372604674,0.9999598744467828,0.004430934907697502
C10,5,layer_5,0.009543094604300676,0.999954569894578,0.005736699403332589
C10,6,layer_6,0.010217009668196216,0.9999478175475291,0.007100679501934818
C10,7,layer_7,0.008140701706191867,0.9999744881721613,0.2461744040745409
C10,8,layer_8,0.008139313305785928,0.9999745014558048,0.24615401517673421
C10,9,layer_9,0.008135968551166979,0.9999745268416391,0.24607677113144194
C10,10,layer_10,0.00813013842175783,0.9999745724159274,0.24593006677401924
C10,11,layer_11,0.008124294403130294,0.9999746213429863,0.24576882790592608
C10,12,layer_12,0.008117424624187486,0.9999746815506365,0.24557793117579343
C10,13,layer_13,0.008109288049452448,0.9999747444012971,0.24538434768478964
C10,14,layer_14,0.008100652099905601,0.9999748141792544,0.24521225769733201
C10,15,layer_15,0.008091297518440246,0.9999748868467818,0.24499737336373878
C10,16,layer_16,0.00808449535203981,0.9999749371992345,0.24485050568254543
C10,17,layer_17,0.024744293526330813,0.9997520011170707,0.9220866583662772
C10,18,layer_18,0.024747882099590824,0.999752492647072,0.9235342118335327
C10,19,layer_19,0.024743355335118327,0.9997525824922151,0.923446028327959
C10,20,layer_20,0.02473842434212624,0.9997526282375099,0.9234551989992742
C10,21,layer_21,0.02474123552404269,0.9997525399741481,0.9234925530887013
C10,22,layer_22,0.024737068598855487,0.9997525464082929,0.9235049821874307
C10,23,layer_23,0.02472587436118939,0.9997526329176274,0.9234286837552512
C10,24,layer_24,0.02471577519853695,0.9997526568098921,0.9236351110382552
C10,25,layer_25,0.024694360099092864,0.9997527709626032,0.9240846196465995
C10,26,layer_26,0.024658648193253876,0.9997532429165165,0.9242215822144308
C10,27,layer_27,0.024633905881883127,0.9997533718684545,0.925110226658541
C10,28,layer_28,0.024601040963911084,0.9997534039284468,0.9262399782273488
C10,29,layer_29,0.024548152732166248,0.9997537701407436,0.9280922141523615
C10,30,layer_30,0.024482669759493484,0.9997540289955708,0.9303309956267136
C10,31,layer_31,0.024395870681300523,0.9997544463186123,0.9343650137961543
C10,32,layer_32,0.024343025570251742,0.9997539812130586,0.9394664013991767
C10,33,layer_33,0.024323347960611027,0.9997526967443467,0.9468197656190293
C10,34,layer_34,0.024316318157503722,0.9997509063157144,0.9568837714953349
C10,35,layer_35,0.019917982301978214,0.9998091012744617,0.5489210946772307
C10,36,layer_36,0.045733132283111114,0.9989741997782101,0.7433692879662572
